,player,pos,age,team_id,g,gs,mp,fg_per_poss,fga_per_poss,fg_pct,fg3_per_poss,fg3a_per_poss,fg3_pct,fg2_per_poss,fg2a_per_poss,fg2_pct,ft_per_poss,fta_per_poss,ft_pct,orb_per_poss,drb_per_poss,trb_per_poss,ast_per_poss,stl_per_poss,blk_per_poss,tov_per_poss,pf_per_poss,pts_per_poss,,off_rtg,def_rtg
0,Alex Acker,SG,26,TOT,25,0,199,7.9,20.0,.395,1.8,5.3,.350,6.1,14.8,.411,1.3,2.6,.500,2.1,4.2,6.3,3.2,1.3,1.1,1.8,2.4,19.0,,94,114
1,Hassan Adams,SG,24,TOR,12,0,52,4.0,13.0,.308,0.0,0.0,,4.0,13.0,.308,3.0,6.0,.500,1.0,6.0,7.0,1.0,1.0,1.0,4.0,4.0,11.0,,63,111
2,Arron Afflalo,SG,23,DET,74,8,1234,5.9,13.5,.437,1.9,4.8,.402,3.9,8.7,.456,2.6,3.2,.817,1.3,4.7,6.0,2.0,1.3,0.6,1.9,6.5,16.3,,107,110
3,Maurice Ager,SG,24,NJN,20,0,97,8.3,23.7,.349,0.0,3.3,.000,8.3,20.4,.405,2.2,4.4,.500,1.7,3.9,5.5,1.7,0.6,1.1,2.2,9.4,18.7,,77,115
4,Blake Ahearn,PG,24,SAS,3,0,19,5.7,17.1,.333,5.7,11.4,.500,0.0,5.7,.000,5.7,5.7,1.000,0.0,2.9,2.9,5.7,2.9,0.0,2.9,8.6,22.9,,113,104
5,Alexis Ajinça,PF,20,CHA,31,4,182,7.5,20.6,.362,0.0,0.6,.000,7.5,20.0,.373,6.0,8.4,.714,2.7,6.3,9.0,0.9,2.1,1.8,3.6,10.2,20.9,,86,104
6,LaMarcus Aldridge,PF,23,POR,81,81,3004,11.1,22.9,.484,0.1,0.5,.250,11.0,22.4,.489,4.8,6.2,.781,4.3,6.8,11.2,2.9,1.4,1.4,2.2,3.8,27.1,,115,108
7,Joe Alexander,SF,22,MIL,59,0,716,7.4,17.7,.416,1.2,3.3,.348,6.2,14.4,.432,4.2,6.0,.699,3.2,5.1,8.3,3.0,1.1,2.1,3.8,7.7,20.1,,96,108
8,Malik Allen,PF,30,MIL,49,3,579,6.5,15.2,.429,0.0,0.1,.000,6.5,15.1,.432,0.9,1.9,.476,3.1,6.1,9.2,3.1,0.6,1.1,1.8,8.0,14.0,,96,110
9,Ray Allen*,SG,33,BOS,79,79,2876,9.2,19.2,.480,3.7,9.0,.409,5.5,10.2,.542,4.4,4.6,.952,1.2,3.9,5.1,4.0,1.3,0.2,2.5,2.9,26.5,,122,106
10,Tony Allen,SG,27,BOS,46,2,887,8.2,17.0,.482,0.4,1.6,.222,7.8,15.4,.510,4.7,6.5,.725,1.3,4.9,6.2,4.0,3.2,1.4,4.6,5.9,21.5,,98,100
11,Morris Almond,SG,23,UTA,25,1,255,6.7,16.4,.407,1.0,3.4,.294,5.7,12.9,.438,4.2,5.3,.808,1.8,5.5,7.3,1.4,0.8,0.8,3.2,6.3,18.6,,94,110
12,Rafer Alston,PG,32,TOT,77,76,2447,6.8,17.7,.385,2.4,7.1,.338,4.4,10.5,.417,3.4,4.5,.750,0.7,4.2,4.9,8.8,2.3,0.2,3.0,2.9,19.4,,105,104
13,Lou Amundson,PF,26,PHO,76,0,1044,6.4,12.0,.536,0.0,0.0,.000,6.4,11.9,.538,2.5,5.7,.442,6.1,6.8,12.9,1.3,1.5,3.1,2.7,7.4,15.4,,108,109
14,Chris Andersen,C,30,DEN,71,1,1460,5.6,10.2,.548,0.1,0.3,.200,5.5,9.8,.560,4.5,6.3,.718,5.7,9.7,15.4,1.1,1.4,6.1,2.4,6.1,15.8,,120,101
15,Ryan Anderson,PF,20,NJN,66,30,1312,6.5,16.6,.393,2.8,7.7,.365,3.7,8.9,.417,4.0,4.7,.845,4.2,8.4,12.7,2.1,1.8,0.8,2.6,6.4,19.8,,108,109
16,Carmelo Anthony,SF,24,DEN,66,66,2277,12.0,27.0,.443,1.4,3.8,.371,10.6,23.2,.455,8.3,10.5,.793,2.4,7.7,10.1,5.0,1.7,0.5,4.5,4.4,33.6,,105,107
17,Joel Anthony,C,26,MIA,65,28,1048,2.9,6.0,.483,0.0,0.0,,2.9,6.0,.483,1.5,2.3,.652,4.5,5.5,10.0,1.4,1.0,4.7,2.1,7.1,7.3,,106,106
18,Gilbert Arenas,PG,27,WAS,2,2,63,5.0,19.3,.261,1.7,5.9,.286,3.3,13.4,.250,10.0,13.4,.750,0.8,6.7,7.5,16.7,0.0,0.8,0.8,3.3,21.8,,116,117
19,Trevor Ariza,SF,23,LAL,82,20,1999,7.0,15.2,.460,1.6,4.9,.319,5.4,10.3,.526,3.1,4.3,.710,2.8,6.1,9.0,3.7,3.5,0.6,2.2,4.2,18.6,,112,102
20,Hilton Armstrong,C,24,NOH,70,29,1092,6.9,12.3,.561,0.0,0.1,.000,6.9,12.2,.566,3.1,4.9,.633,4.1,5.7,9.8,1.5,1.3,2.3,4.0,9.1,16.9,,102,107
21,Darrell Arthur,PF,20,MEM,76,64,1464,6.9,15.9,.438,0.0,0.1,.000,6.9,15.8,.440,1.5,2.2,.667,3.9,8.7,12.6,1.6,1.9,1.9,1.7,7.5,15.3,,99,107
22,Chucky Atkins,PG,34,TOT,33,0,412,4.2,14.0,.301,1.9,7.1,.263,2.4,7.0,.339,1.9,2.0,.938,0.6,2.4,3.0,7.3,1.2,0.2,2.9,3.4,12.2,,91,113
23,D.J. Augustin,PG,21,CHA,72,12,1908,7.6,17.7,.430,3.1,7.0,.439,4.5,10.7,.424,5.9,6.6,.893,0.5,3.3,3.8,7.1,1.2,0.1,3.4,4.0,24.2,,115,110
24,Kelenna Azubuike,SF,25,GSW,74,51,2375,8.1,17.4,.464,1.9,4.3,.448,6.1,13.1,.469,3.8,4.7,.808,2.3,5.3,7.6,2.4,1.2,1.0,2.0,3.8,21.9,,114,115
25,Renaldo Balkman,PF,24,DEN,53,10,780,7.2,12.9,.558,0.1,0.5,.286,7.1,12.4,.568,2.7,4.2,.646,5.6,7.6,13.3,2.2,3.1,1.5,2.3,6.4,17.2,,118,103
26,Marcus Banks,PG,27,TOT,22,0,206,5.4,14.7,.368,0.8,4.9,.158,4.6,9.8,.474,2.8,4.6,.611,0.3,4.4,4.6,7.2,2.8,0.5,3.6,6.7,14.4,,88,108
27,Leandro Barbosa,SG,26,PHO,70,11,1705,10.7,22.3,.482,2.6,7.0,.375,8.1,15.2,.532,5.0,5.7,.881,1.0,4.3,5.3,4.8,2.4,0.2,2.7,3.4,29.1,,117,112
28,J.J. Barea,SG,24,DAL,79,15,1600,8.1,18.3,.442,1.8,5.1,.357,6.3,13.2,.474,2.3,3.1,.753,1.2,4.6,5.8,8.8,1.2,0.2,3.4,4.0,20.2,,106,112
29,Andrea Bargnani,PF,23,TOR,78,59,2453,9.2,20.4,.450,2.5,6.2,.409,6.6,14.2,.468,4.7,5.7,.831,1.5,7.4,8.8,2.0,0.7,2.1,2.9,5.1,25.6,,105,110
30,Matt Barnes,PF,28,PHO,77,40,2082,6.8,16.2,.423,2.8,8.2,.343,4.0,8.0,.505,2.4,3.3,.743,1.9,8.2,10.1,5.1,1.2,0.6,3.1,5.0,18.9,,107,111
31,Brent Barry,SG,37,HOU,56,1,857,4.3,10.7,.407,3.0,8.1,.374,1.3,2.5,.512,1.2,1.2,.950,1.1,4.8,5.8,4.8,1.5,0.2,3.0,2.8,12.9,,106,107
32,Brandon Bass,C,23,DAL,81,0,1574,8.4,16.9,.496,0.0,0.2,.000,8.4,16.7,.502,6.1,7.0,.867,4.3,7.9,12.2,1.4,0.9,1.8,2.9,4.7,22.9,,113,108
33,Maceo Baston,PF,33,IND,27,0,217,5.7,10.5,.543,0.0,0.2,.000,5.7,10.3,.556,3.9,6.2,.630,5.0,6.9,11.9,1.6,1.4,2.3,2.8,8.9,15.4,,112,108
34,Tony Battie,PF,32,ORL,77,3,1202,6.8,14.0,.489,0.1,0.4,.222,6.7,13.6,.497,2.3,3.5,.659,4.0,8.0,12.0,1.3,1.1,1.1,2.0,4.8,16.1,,106,102
35,Shane Battier,SG,30,HOU,60,59,2031,3.8,9.3,.410,2.4,6.2,.384,1.4,3.1,.462,1.4,1.8,.821,1.4,6.1,7.5,3.6,1.3,1.4,1.3,3.0,11.4,,118,105
36,Nicolas Batum,SF,20,POR,79,76,1454,6.1,13.8,.446,2.4,6.4,.369,3.8,7.4,.513,1.6,2.0,.808,3.2,5.2,8.4,2.8,1.9,1.5,1.9,5.3,16.2,,117,107
37,Jerryd Bayless,PG,20,POR,53,0,655,5.8,16.0,.365,0.6,2.3,.259,5.2,13.7,.383,7.0,8.7,.806,0.7,4.1,4.8,6.6,1.4,0.2,4.7,6.9,19.3,,97,111
38,Michael Beasley,PF,20,MIA,81,19,2009,12.0,25.4,.472,0.9,2.2,.407,11.1,23.3,.478,4.9,6.4,.772,2.9,8.7,11.7,2.2,1.1,1.0,3.2,4.9,29.8,,103,108
39,Marco Belinelli,SG,22,GSW,42,23,882,7.8,17.6,.442,2.9,7.3,.397,4.9,10.3,.473,2.2,2.9,.769,0.6,3.4,3.9,4.9,2.0,0.1,3.3,4.0,20.6,,104,116
40,Charlie Bell,SG,29,MIL,70,23,1783,6.3,15.2,.414,2.5,7.0,.363,3.8,8.3,.458,1.9,2.3,.825,0.9,3.0,3.9,4.4,1.5,0.2,2.2,4.0,17.1,,105,111
41,Raja Bell,SG,32,TOT,67,66,2315,6.8,15.6,.437,2.6,6.2,.421,4.2,9.4,.448,2.0,2.3,.853,0.9,4.6,5.6,3.2,1.1,0.2,2.0,3.8,18.3,,109,111
42,Mike Bibby,PG,30,ATL,79,79,2740,8.5,19.6,.435,3.3,8.4,.390,5.3,11.3,.468,2.6,3.3,.789,0.7,4.7,5.4,7.7,1.9,0.2,2.5,2.8,23.0,,113,109
43,Andris Biedriņš,C,22,GSW,62,58,1863,8.1,14.0,.578,0.0,0.0,.000,8.1,14.0,.579,3.1,5.7,.551,5.9,12.3,18.2,3.2,1.7,2.5,2.9,6.2,19.3,,116,107
44,Chauncey Billups,PG,32,TOT,79,79,2789,7.5,17.9,.418,3.0,7.3,.408,4.5,10.7,.425,7.6,8.4,.913,0.6,3.8,4.4,9.3,1.7,0.3,3.2,2.9,25.6,,121,110
45,Steve Blake,PG,28,POR,69,69,2188,7.0,16.4,.428,3.5,8.3,.427,3.5,8.1,.429,1.6,1.9,.840,0.7,3.7,4.4,8.8,1.7,0.1,2.7,3.2,19.2,,118,110
46,Andray Blatche,C,22,WAS,71,36,1703,9.2,19.5,.471,0.2,0.7,.238,9.0,18.9,.479,3.5,5.0,.704,3.9,7.8,11.7,3.7,1.6,2.3,3.6,6.5,22.1,,101,111
47,Mark Blount,C,33,MIA,20,0,207,7.7,20.1,.385,2.8,7.0,.407,4.9,13.2,.373,2.1,3.4,.615,2.6,8.0,10.6,1.0,0.3,1.8,3.6,4.4,20.4,,88,109
48,Keith Bogans,SG,28,TOT,65,15,1272,4.9,13.2,.367,3.0,8.9,.339,1.8,4.3,.425,2.1,2.3,.912,1.3,7.0,8.2,2.6,1.8,0.2,1.7,4.3,14.9,,106,105
49,Andrew Bogut,C,24,MIL,36,33,1124,8.4,14.6,.577,0.0,0.0,,8.4,14.6,.577,2.6,4.5,.571,5.4,11.6,17.0,3.3,1.1,1.7,4.0,6.0,19.5,,107,105
50,Matt Bonner,PF,28,SAS,81,67,1928,7.5,15.1,.496,3.3,7.5,.440,4.2,7.5,.552,0.5,0.6,.739,2.7,8.1,10.9,2.3,1.3,0.7,1.0,5.4,18.8,,123,104
51,Josh Boone,C,24,NJN,62,7,995,6.1,11.5,.528,0.0,0.0,,6.1,11.5,.528,1.7,4.6,.376,5.6,8.3,13.8,1.7,1.2,2.6,1.7,5.7,13.8,,110,109
52,Calvin Booth,C,32,TOT,8,0,56,4.6,9.1,.500,0.0,0.0,,4.6,9.1,.500,5.5,7.3,.750,4.6,5.5,10.0,0.0,0.9,1.8,0.9,9.1,14.6,,127,115
53,Carlos Boozer,PF,27,UTA,37,37,1197,10.8,22.0,.490,0.0,0.0,,10.8,22.0,.490,4.2,6.0,.698,4.8,11.8,16.6,3.4,1.7,0.3,3.4,5.7,25.8,,105,105
54,Chris Bosh*,C,24,TOR,77,77,2928,11.0,22.5,.487,0.2,0.9,.245,10.7,21.6,.497,9.0,11.0,.817,3.8,9.9,13.7,3.4,1.2,1.4,3.1,3.4,31.1,,114,108
55,Bruce Bowen,SF,37,SAS,80,10,1506,2.8,6.7,.422,1.5,3.5,.429,1.3,3.2,.416,0.5,0.9,.538,0.6,4.7,5.2,1.4,1.3,0.5,0.9,4.4,7.7,,104,106
56,Ryan Bowen,SF,33,NOH,21,3,219,5.5,9.5,.579,0.0,0.0,,5.5,9.5,.579,0.7,1.2,.600,2.5,3.5,6.0,2.2,3.5,1.2,1.2,9.2,11.7,,118,105
57,Elton Brand,PF,29,PHI,29,23,920,9.5,21.2,.447,0.0,0.0,,9.5,21.2,.447,4.2,6.3,.676,4.5,10.3,14.7,2.1,1.0,2.6,3.9,4.5,23.1,,97,105
58,Corey Brewer,SF,22,MIN,15,8,307,6.3,15.4,.411,0.9,2.0,.417,5.5,13.3,.410,2.4,3.2,.737,3.1,5.3,8.4,4.3,2.6,0.5,2.2,6.3,15.9,,102,110
59,Ronnie Brewer,SF,23,UTA,81,80,2605,8.3,16.4,.508,0.4,1.7,.259,7.9,14.7,.537,4.9,7.0,.702,2.0,3.9,5.9,3.5,2.7,0.6,2.2,2.5,22.0,,113,108
60,Aaron Brooks,PG,24,HOU,80,35,1998,8.4,20.9,.404,3.0,8.2,.366,5.4,12.6,.428,4.0,4.6,.866,0.9,3.3,4.2,6.3,1.2,0.2,3.3,4.0,23.8,,105,108
61,Andre Brown,PF,27,CHA,4,0,41,1.3,9.3,.143,0.0,0.0,,1.3,9.3,.143,2.7,2.7,1.000,9.3,6.6,15.9,1.3,1.3,0.0,6.6,11.9,5.3,,64,107
62,Bobby Brown,SG-PG,24,TOT,68,2,931,7.8,19.8,.392,2.5,7.2,.346,5.3,12.7,.417,1.9,2.4,.791,0.8,2.1,2.9,6.5,1.2,0.2,3.5,5.2,19.9,,96,118
63,Dee Brown,PG,24,TOT,19,11,261,3.6,9.8,.367,1.4,4.8,.292,2.2,5.0,.440,0.6,1.0,.600,1.4,4.4,5.8,7.2,2.0,0.0,3.4,5.6,9.2,,92,115
64,Devin Brown,SG,30,NOH,63,5,869,7.0,19.7,.355,1.8,6.1,.289,5.2,13.6,.384,4.9,6.3,.780,2.0,5.5,7.5,3.4,2.0,0.3,3.4,5.1,20.6,,92,108
65,Kwame Brown,C,26,DET,58,30,999,5.0,9.4,.533,0.0,0.0,,5.0,9.4,.533,3.5,6.8,.516,5.0,11.0,16.1,1.8,1.3,1.3,2.8,7.6,13.5,,106,105
66,Shannon Brown,SG,23,TOT,48,0,477,8.7,18.4,.473,1.6,4.1,.378,7.2,14.3,.500,3.6,4.4,.821,1.2,3.7,4.9,4.2,2.5,0.8,4.2,4.7,22.6,,101,106
67,Kobe Bryant*,SG,30,LAL,82,82,2960,13.8,29.4,.467,2.0,5.8,.351,11.7,23.7,.496,8.3,9.7,.856,1.5,5.8,7.4,6.9,2.1,0.6,3.6,3.3,37.8,,115,106
68,Greg Buckner,SF,32,MEM,63,0,878,3.7,9.6,.384,0.8,3.1,.255,2.9,6.5,.444,1.2,1.5,.800,1.9,5.9,7.9,3.5,1.8,0.5,2.3,6.5,9.4,,94,110
69,Caron Butler,SG,28,WAS,67,67,2585,10.0,22.1,.453,1.3,4.3,.310,8.7,17.9,.487,7.0,8.2,.858,2.4,6.0,8.4,5.9,2.2,0.4,4.3,3.4,28.4,,108,113
70,Rasual Butler,SF,29,NOH,82,74,2614,7.3,16.8,.433,2.9,7.5,.390,4.4,9.3,.468,1.8,2.3,.782,1.0,4.6,5.7,1.6,1.1,1.3,1.2,3.3,19.3,,109,109
71,Andrew Bynum,C,21,LAL,50,50,1446,9.9,17.7,.560,0.0,0.0,,9.9,17.7,.560,5.4,7.6,.707,4.8,9.2,14.0,2.5,0.6,3.2,3.0,5.5,25.1,,118,104
72,Will Bynum,PG,26,DET,57,1,803,10.8,23.6,.456,0.2,1.3,.158,10.5,22.3,.474,6.5,8.2,.798,1.3,3.9,5.2,10.8,2.3,0.1,5.2,5.9,28.3,,103,109
73,José Calderón,PG,27,TOR,68,68,2333,7.2,14.4,.497,1.8,4.5,.406,5.3,9.9,.538,3.4,3.4,.981,0.4,4.0,4.3,13.6,1.7,0.2,3.2,2.5,19.5,,123,112
74,Marcus Camby,C,34,LAC,62,55,1925,6.9,13.4,.512,0.0,0.1,.250,6.9,13.3,.514,3.6,4.9,.725,4.4,14.3,18.7,3.4,1.4,3.6,2.5,3.5,17.4,,112,104
75,Brian Cardinal,PF,31,MIN,64,4,909,3.7,9.7,.385,1.7,5.3,.326,2.0,4.4,.455,1.7,2.0,.857,2.2,5.9,8.2,4.4,2.1,0.7,2.8,7.8,11.0,,102,110
76,Rodney Carney,SG,24,MIN,67,6,1199,7.7,18.5,.416,3.5,9.9,.350,4.2,8.6,.492,2.2,2.9,.758,1.6,3.9,5.5,1.1,2.0,1.3,1.9,4.1,21.0,,105,111
77,Matt Carroll,SG,28,TOT,55,10,616,5.7,15.0,.380,1.1,4.6,.245,4.6,10.3,.441,1.8,2.2,.840,0.6,5.4,6.0,2.4,1.8,0.5,2.9,5.9,14.4,,86,108
78,Anthony Carter,PG,33,DEN,78,5,1787,4.8,11.0,.433,0.6,2.5,.239,4.2,8.5,.490,1.6,2.2,.731,1.1,4.7,5.8,10.4,2.7,0.4,4.4,4.0,11.7,,98,107
79,Vince Carter,SG,32,NJN,80,80,2946,10.7,24.4,.437,2.7,7.1,.385,7.9,17.3,.459,6.1,7.4,.817,1.3,6.1,7.4,6.8,1.5,0.7,3.0,4.2,30.1,,112,112
80,Mario Chalmers,PG,22,MIA,82,82,2626,5.7,13.5,.420,2.3,6.3,.367,3.3,7.1,.467,3.0,3.9,.767,0.8,3.9,4.6,8.2,3.3,0.2,3.4,4.9,16.6,,107,107
81,Tyson Chandler,C,26,NOH,45,45,1445,6.1,10.7,.565,0.0,0.0,,6.1,10.7,.565,2.9,5.0,.579,6.2,8.7,14.9,0.8,0.6,2.1,2.6,5.4,15.0,,113,107
82,Wilson Chandler,SF,21,NYK,82,70,2735,8.3,19.1,.432,1.9,5.7,.328,6.4,13.4,.476,3.1,3.9,.795,1.7,6.4,8.1,3.1,1.3,1.4,2.5,4.5,21.5,,103,110
83,Speedy Claxton,PG,30,ATL,2,0,15,7.1,25.0,.286,0.0,0.0,,7.1,25.0,.286,3.6,7.1,.500,0.0,0.0,0.0,10.7,0.0,0.0,0.0,3.6,17.9,,88,117
84,Jarron Collins,C,30,UTA,26,3,201,4.1,9.0,.457,0.0,0.0,,4.1,9.0,.457,2.1,2.8,.727,5.1,4.4,9.5,1.8,0.5,0.3,2.3,9.0,10.3,,105,112
85,Jason Collins,C,30,MIN,31,22,422,2.7,8.7,.314,0.0,0.0,,2.7,8.7,.314,1.6,3.5,.464,3.5,5.2,8.7,1.4,1.1,1.6,1.5,9.1,7.1,,84,112
86,Mardy Collins,PG-SG,24,TOT,48,14,890,6.1,14.4,.425,0.8,1.8,.419,5.4,12.6,.426,1.6,2.7,.609,1.8,4.4,6.2,6.5,1.8,0.6,3.4,4.7,14.6,,94,113
87,Nick Collison,C,28,OKC,71,40,1831,6.8,12.0,.568,0.0,0.1,.000,6.8,11.9,.570,2.7,3.8,.721,5.1,8.6,13.7,1.8,1.4,1.4,2.0,6.7,16.4,,119,108
88,Mike Conley,PG,21,MEM,82,61,2508,6.9,15.5,.442,1.9,4.6,.406,5.0,10.9,.458,3.4,4.2,.817,0.5,5.3,5.9,7.5,1.9,0.2,3.0,3.1,19.0,,109,111
89,Brian Cook,PF,28,TOT,30,0,171,8.5,23.2,.368,4.0,9.2,.433,4.6,14.0,.326,1.5,1.8,.833,2.1,7.6,9.8,1.5,0.9,0.9,4.0,7.9,22.6,,88,103
90,Daequan Cook,SF,21,MIA,75,4,1833,7.0,18.8,.375,4.5,11.5,.387,2.6,7.3,.356,1.4,1.6,.875,0.6,5.0,5.5,2.1,1.1,0.3,1.2,3.6,20.0,,104,111
91,Jamal Crawford,PG-SG,28,TOT,65,65,2479,8.3,20.2,.410,2.8,7.8,.360,5.5,12.4,.441,5.9,6.8,.872,0.5,3.4,3.8,5.7,1.1,0.3,2.9,1.8,25.3,,110,117
92,Joe Crawford,SF,22,NYK,2,0,23,6.5,21.6,.300,2.2,8.6,.250,4.3,12.9,.333,4.3,4.3,1.000,2.2,6.5,8.6,2.2,2.2,0.0,0.0,4.3,19.4,,99,110
93,Javaris Crittenton,PG-SG,21,TOT,63,10,1174,5.9,12.8,.460,0.1,0.7,.133,5.8,12.1,.478,2.4,4.1,.576,2.6,4.9,7.5,6.7,1.8,0.3,3.7,4.5,14.2,,97,115
94,Austin Croshere,PF,33,TOT,14,0,100,7.3,20.4,.359,2.6,7.9,.333,4.7,12.6,.375,3.7,6.3,.583,5.8,12.1,17.8,4.7,0.5,0.5,3.1,2.6,21.0,,99,106
95,Eddy Curry,C,26,NYK,3,0,12,8.3,8.3,1.000,0.0,0.0,,8.3,8.3,1.000,4.1,12.4,.333,0.0,16.5,16.5,0.0,0.0,0.0,8.3,20.7,20.7,,77,107
96,Samuel Dalembert,C,27,PHI,82,82,2036,5.7,11.4,.498,0.0,0.1,.000,5.7,11.3,.500,2.4,3.2,.734,5.6,12.8,18.4,0.5,0.9,3.8,3.1,6.5,13.7,,103,103
97,Erick Dampier,C,33,DAL,80,80,1836,5.2,8.0,.650,0.0,0.0,,5.2,8.0,.650,2.6,4.0,.638,6.2,10.0,16.1,2.2,0.7,2.7,2.1,5.5,13.0,,129,107
98,Antonio Daniels,PG,33,TOT,74,9,1021,5.2,12.5,.419,1.2,3.2,.367,4.1,9.3,.438,4.2,5.3,.800,0.3,3.8,4.1,9.4,1.4,0.1,3.3,2.9,15.9,,108,112
99,Marquis Daniels,SF,28,IND,54,43,1700,9.1,20.2,.451,0.5,2.6,.200,8.6,17.5,.489,2.7,3.8,.721,2.3,4.9,7.3,3.3,1.8,0.8,2.8,3.5,21.4,,99,110
100,Jermareo Davidson,SF,24,GSW,14,0,111,7.5,15.4,.486,0.0,0.0,,7.5,15.4,.486,3.5,7.5,.471,4.4,10.6,15.0,0.4,0.9,1.3,2.2,5.3,18.5,,101,112
101,Baron Davis,PG,29,LAC,65,60,2248,8.2,22.2,.370,2.3,7.6,.302,5.9,14.6,.406,3.7,4.9,.757,1.1,4.5,5.5,11.6,2.5,0.8,4.5,4.5,22.4,,97,111
102,Glen Davis,C,23,BOS,76,16,1637,6.5,14.6,.442,0.1,0.2,.400,6.4,14.4,.443,4.2,5.8,.730,3.9,5.8,9.8,2.2,1.7,0.6,2.3,7.5,17.2,,106,103
103,Paul Davis,PF,24,LAC,27,1,320,6.5,16.0,.408,0.0,0.2,.000,6.5,15.8,.412,4.4,5.5,.794,4.6,6.4,10.9,2.0,1.6,0.5,2.1,7.2,17.4,,102,112
104,Ricky Davis,SG,29,LAC,36,9,785,5.5,16.3,.339,2.3,7.4,.315,3.2,8.9,.358,2.1,2.4,.861,0.6,3.4,4.0,5.4,1.3,0.3,2.6,4.2,15.4,,92,115
105,Luol Deng,SF,23,CHI,49,46,1665,8.2,18.3,.448,0.2,0.6,.400,8.0,17.7,.450,4.7,5.9,.796,2.5,6.7,9.1,2.9,1.9,0.8,2.2,2.6,21.4,,106,109
106,Boris Diaw,PF,26,TOT,81,59,2754,8.7,17.2,.507,1.5,3.5,.414,7.2,13.6,.531,2.0,2.9,.687,2.3,6.1,8.4,6.5,1.2,1.0,4.2,3.9,20.8,,105,109
107,Yakhouba Diawara,SF,26,MIA,63,21,851,4.8,13.6,.350,3.2,10.2,.313,1.6,3.4,.463,0.6,1.2,.526,1.6,3.5,5.1,1.7,0.8,0.4,1.0,4.7,13.4,,101,113
108,Travis Diener,PG,26,IND,55,0,719,5.1,12.4,.413,3.2,8.2,.390,1.9,4.2,.459,0.8,1.0,.800,0.4,5.5,5.9,8.4,1.8,0.3,1.5,2.9,14.3,,122,110
109,Ike Diogu,PF,25,TOT,29,1,215,9.5,18.0,.527,0.2,0.5,.500,9.3,17.5,.528,9.7,12.9,.755,6.3,7.3,13.6,0.7,0.7,0.7,2.9,5.6,29.0,,121,114
110,DeSagana Diop,C,27,TOT,75,1,1036,3.8,8.8,.433,0.0,0.0,,3.8,8.8,.433,1.1,3.4,.333,5.9,8.2,14.1,1.7,1.5,2.9,2.0,6.6,8.8,,97,104
111,Juan Dixon,PG,30,WAS,50,6,816,6.5,16.6,.395,1.6,4.8,.333,4.9,11.7,.420,2.2,2.5,.872,0.5,3.8,4.3,7.6,2.3,0.4,4.5,4.8,16.9,,92,115
112,Keyon Dooling,PG,28,NJN,77,18,2074,6.7,15.4,.436,2.5,6.0,.421,4.2,9.3,.446,3.3,4.0,.825,0.6,3.4,4.0,7.0,1.8,0.2,2.7,3.5,19.3,,112,113
113,Joey Dorsey,PF,25,HOU,3,0,6,8.9,17.7,.500,0.0,0.0,,8.9,17.7,.500,0.0,0.0,,0.0,8.9,8.9,8.9,0.0,0.0,0.0,0.0,17.7,,122,108
114,Quincy Douby,PG,24,TOT,27,0,300,7.2,18.8,.382,2.4,7.9,.304,4.8,10.9,.438,2.9,3.2,.895,1.0,4.4,5.5,4.3,0.9,0.9,2.2,4.6,19.6,,100,116
115,Chris Douglas-Roberts,SG,22,NJN,44,3,585,7.4,16.1,.460,0.3,1.1,.250,7.1,15.0,.476,4.7,5.7,.823,1.3,3.3,4.6,4.7,1.1,0.6,2.8,3.1,19.7,,106,115
116,Goran Dragić,PG,22,PHO,55,1,728,6.0,15.4,.393,1.4,3.7,.370,4.7,11.7,.400,3.4,4.5,.769,2.3,4.8,7.1,7.6,2.0,0.2,5.0,6.0,16.9,,96,113
117,Jared Dudley,SF,23,TOT,68,7,1155,6.1,12.7,.477,1.3,3.3,.392,4.8,9.4,.507,3.2,4.7,.676,3.7,5.5,9.1,2.5,2.5,0.4,1.9,4.7,16.6,,116,109
118,Chris Duhon,PG,26,NYK,79,78,2906,4.9,11.6,.421,2.2,5.6,.391,2.7,6.1,.449,3.1,3.6,.856,0.8,3.4,4.2,9.7,1.2,0.1,3.8,2.2,15.0,,110,114
119,Tim Duncan*,C,32,SAS,75,75,2524,12.0,23.8,.504,0.0,0.0,.000,12.0,23.8,.505,7.2,10.4,.692,4.3,12.9,17.2,5.7,0.8,2.7,3.5,3.7,31.2,,111,100
120,Mike Dunleavy,SG,28,IND,18,14,495,9.3,23.3,.401,3.2,9.0,.356,6.1,14.3,.430,5.3,6.5,.815,1.4,5.4,6.8,4.4,1.2,0.9,3.8,3.6,27.2,,101,111
121,Kevin Durant,SF,20,OKC,74,74,2885,11.7,24.7,.476,1.7,4.1,.422,10.0,20.6,.486,8.0,9.3,.863,1.4,7.2,8.6,3.6,1.7,0.9,4.0,2.4,33.3,,111,109
122,Monta Ellis,SG,23,GSW,25,25,892,10.6,23.6,.451,0.4,1.4,.308,10.2,22.1,.460,4.3,5.2,.830,0.8,5.2,5.9,5.1,2.1,0.4,3.7,3.7,26.0,,99,114
123,Francisco Elson,C,32,MIL,59,23,977,4.4,9.0,.491,0.1,0.2,.250,4.4,8.8,.497,1.8,2.1,.846,5.3,6.8,12.2,1.7,1.9,1.9,2.5,7.6,10.6,,107,106
124,Melvin Ely,C,30,NOH,31,4,373,5.4,13.9,.389,0.0,0.0,,5.4,13.9,.389,3.4,5.3,.639,4.4,5.0,9.4,2.6,0.3,1.3,3.4,8.5,14.2,,91,111
125,Maurice Evans,SF,30,ATL,80,25,1840,6.1,14.0,.432,2.9,7.2,.395,3.2,6.8,.470,1.7,2.1,.822,2.6,4.5,7.1,1.6,1.5,0.3,1.3,4.7,16.7,,115,110
126,Reggie Evans,PF,28,PHI,79,7,1137,3.7,8.4,.444,0.0,0.0,.000,3.7,8.3,.446,4.9,8.2,.594,6.3,10.6,16.9,1.2,1.9,0.4,3.2,7.6,12.3,,102,105
127,Jordan Farmar,PG,22,LAL,65,0,1192,6.9,17.6,.391,2.1,6.2,.336,4.8,11.4,.421,1.9,3.3,.584,0.9,4.1,5.0,6.6,2.4,0.4,3.7,4.5,17.8,,95,106
128,Desmon Farmer,SG,27,SAS,3,0,54,4.0,14.1,.286,3.0,12.1,.250,1.0,2.0,.500,2.0,2.0,1.000,0.0,6.0,6.0,2.0,0.0,0.0,4.0,6.0,13.1,,74,109
129,Raymond Felton,PG,24,CHA,82,81,3086,7.8,19.1,.408,1.0,3.6,.285,6.7,15.4,.437,3.9,4.8,.805,1.0,4.5,5.5,9.7,2.2,0.5,4.0,3.4,20.5,,101,107
130,Rudy Fernández,SG,23,POR,78,4,1993,7.4,17.5,.425,4.4,11.1,.399,3.0,6.4,.470,3.3,4.0,.839,1.3,4.4,5.8,4.4,1.9,0.3,2.4,3.1,22.7,,120,109
131,Kyrylo Fesenko,C,22,UTA,21,1,156,6.9,11.9,.583,0.0,0.0,,6.9,11.9,.583,2.3,6.9,.333,4.6,7.6,12.2,1.3,2.3,5.0,3.0,11.6,16.2,,100,101
132,Michael Finley,SF,35,SAS,81,77,2336,7.0,16.0,.437,3.0,7.4,.411,4.0,8.6,.459,1.2,1.4,.823,0.6,5.7,6.3,2.6,0.9,0.4,1.4,1.9,18.2,,107,107
133,Derek Fisher,PG,34,LAL,82,82,2441,6.1,14.3,.424,2.5,6.3,.397,3.6,8.0,.446,2.3,2.7,.846,0.5,3.4,3.9,5.4,2.0,0.1,1.5,3.9,17.0,,117,108
134,T.J. Ford,PG,25,IND,74,49,2258,9.1,20.1,.452,0.8,2.3,.337,8.3,17.8,.467,5.4,6.2,.872,1.3,4.4,5.7,8.6,2.0,0.4,4.0,4.0,24.4,,108,110
135,Jeff Foster,C,32,IND,74,26,1828,4.8,9.6,.501,0.1,0.2,.286,4.8,9.4,.506,2.6,4.0,.658,5.9,8.0,13.8,3.5,1.4,1.3,2.4,6.2,12.3,,115,108
136,Randy Foye,SG,25,MIN,70,61,2494,8.4,20.6,.407,2.3,6.5,.360,6.1,14.1,.428,4.8,5.7,.846,0.7,3.8,4.5,6.4,1.5,0.5,3.2,4.2,23.9,,106,113
137,Adonal Foyle,C,33,TOT,10,0,62,5.9,9.2,.636,0.0,0.0,,5.9,9.2,.636,2.5,5.0,.500,7.6,14.3,21.8,0.8,0.0,6.7,2.5,4.2,14.3,,121,95
138,Channing Frye,PF,25,POR,63,1,746,8.4,19.8,.423,0.8,2.5,.333,7.6,17.4,.436,1.9,2.7,.722,3.0,7.4,10.4,1.8,1.3,1.2,2.2,7.9,19.5,,100,108
139,Dan Gadzuric,C,30,MIL,67,26,941,6.4,13.4,.480,0.0,0.1,.000,6.4,13.3,.483,2.0,3.7,.544,5.2,8.8,14.1,2.1,1.8,2.4,2.3,8.9,14.9,,104,104
140,Danilo Gallinari,SG,20,NYK,28,2,412,6.7,15.1,.448,3.9,8.7,.444,2.9,6.4,.453,3.1,3.3,.963,1.6,5.1,6.6,1.8,1.7,0.5,1.8,5.8,20.5,,120,111
141,Francisco García,SF,27,SAC,65,36,1975,7.6,17.2,.444,2.3,5.7,.398,5.3,11.5,.466,3.8,4.6,.820,1.4,4.2,5.6,3.9,2.1,1.7,2.9,5.1,21.3,,107,114
142,Thomas Gardner,SG,23,ATL,16,0,98,4.9,19.7,.250,2.2,12.6,.174,2.7,7.1,.385,1.1,2.2,.500,0.0,3.8,3.8,1.1,2.2,0.5,1.6,2.2,13.1,,67,109
143,Kevin Garnett*,PF,32,BOS,57,57,1772,11.8,22.2,.531,0.1,0.2,.250,11.7,21.9,.534,3.3,4.0,.841,2.3,12.2,14.5,4.3,1.9,2.0,2.7,3.8,26.9,,112,98
144,Marc Gasol,C,24,MEM,82,75,2521,7.4,14.0,.530,0.0,0.0,.000,7.4,13.9,.530,5.8,7.9,.733,4.2,8.5,12.8,3.0,1.3,1.9,3.5,5.6,20.6,,112,108
145,Pau Gasol,C,28,LAL,81,81,2999,10.0,17.7,.567,0.0,0.0,.500,10.0,17.7,.567,5.8,7.5,.781,4.4,8.8,13.2,4.8,0.9,1.4,2.7,2.9,25.9,,126,105
146,Rudy Gay,SF,22,MEM,79,78,2945,10.3,22.8,.453,1.5,4.4,.351,8.8,18.4,.477,4.8,6.2,.767,2.0,5.9,7.9,2.4,1.8,1.1,3.7,4.0,27.0,,101,110
147,Devean George,SF,31,DAL,43,17,708,4.0,10.5,.380,1.6,5.6,.289,2.4,4.9,.485,1.3,1.6,.773,1.9,3.9,5.8,1.1,1.7,0.8,1.3,4.2,10.9,,101,110
148,Daniel Gibson,PG,22,CLE,75,0,1795,6.2,15.9,.391,3.3,8.5,.382,3.0,7.4,.402,2.0,2.6,.767,0.9,3.7,4.7,4.0,1.3,0.5,1.8,4.9,17.7,,108,106
149,J.R. Giddens,SF,23,BOS,6,0,8,13.3,19.9,.667,0.0,0.0,,13.3,19.9,.667,0.0,0.0,,13.3,6.6,19.9,0.0,6.6,0.0,6.6,6.6,26.6,,109,93
150,Eddie Gill,PG,30,MIL,6,0,43,7.2,10.9,.667,2.4,3.6,.667,4.8,7.2,.667,0.0,0.0,,0.0,4.8,4.8,13.3,3.6,1.2,6.0,12.1,16.9,,116,104
151,Manu Ginóbili,SG,31,SAS,44,7,1181,10.3,22.6,.454,3.2,9.6,.330,7.1,13.0,.546,7.7,8.7,.884,1.1,8.0,9.1,7.2,2.9,0.7,4.0,4.1,31.4,,114,101
152,Ryan Gomes,SF,26,MIN,82,76,2614,8.4,19.5,.431,2.1,5.7,.372,6.3,13.8,.456,2.9,3.6,.807,2.1,5.7,7.9,2.7,1.3,0.4,2.6,3.7,21.9,,104,113
153,Drew Gooden,PF,27,TOT,51,28,1264,9.8,20.9,.468,0.0,0.2,.000,9.8,20.7,.472,5.4,6.4,.840,4.7,10.3,15.0,2.0,1.2,0.7,3.1,5.9,25.0,,106,106
154,Ben Gordon,SG,25,CHI,82,76,2999,10.3,22.6,.455,3.0,7.3,.410,7.3,15.4,.476,5.7,6.6,.864,0.9,4.0,4.9,4.8,1.2,0.4,3.4,3.2,29.2,,112,112
155,Eric Gordon,SG,20,LAC,78,65,2677,8.0,17.5,.456,2.6,6.6,.389,5.5,11.0,.496,5.8,6.8,.854,0.9,3.0,3.9,4.2,1.5,0.7,3.2,3.3,24.4,,112,115
156,Marcin Gortat,PF,24,ORL,63,3,794,6.9,12.2,.567,0.1,0.1,1.000,6.9,12.2,.565,1.7,2.9,.578,6.3,12.4,18.7,0.9,1.2,3.5,1.6,7.3,15.6,,121,97
157,Joey Graham,SF,26,TOR,78,10,1541,7.8,16.3,.481,0.1,0.5,.188,7.7,15.7,.491,4.5,5.4,.825,3.2,6.7,9.9,1.6,1.2,0.4,2.5,6.5,20.2,,106,111
158,Stephen Graham,SG,26,IND,52,6,684,7.7,18.6,.414,1.5,4.8,.303,6.3,13.8,.453,3.6,4.5,.806,1.5,5.5,7.0,2.4,0.7,0.3,3.3,6.0,20.5,,95,112
159,Danny Granger,SF,25,IND,67,66,2424,11.7,26.2,.447,3.7,9.2,.404,8.0,17.0,.470,8.3,9.4,.878,1.0,6.0,7.0,3.8,1.4,2.0,3.4,4.2,35.5,,114,109
160,Aaron Gray,C,24,CHI,56,18,715,5.8,12.0,.485,0.0,0.1,.000,5.8,12.0,.488,2.5,4.3,.576,6.1,9.8,15.9,3.3,1.0,1.3,2.9,9.7,14.1,,107,107
161,Gerald Green,SG,23,DAL,38,12,376,11.0,25.1,.439,2.0,6.4,.304,9.1,18.7,.485,3.8,4.5,.844,2.0,5.6,7.5,2.1,1.4,0.7,4.6,7.1,27.8,,94,110
162,Jeff Green,PF,22,OKC,78,78,2873,8.5,19.1,.446,1.7,4.4,.389,6.8,14.7,.463,4.3,5.5,.788,2.1,7.1,9.3,2.8,1.4,0.6,3.1,3.6,23.0,,105,110
163,Willie Green,SG,27,PHI,81,60,1828,8.3,19.2,.435,1.5,4.7,.317,6.9,14.5,.473,1.8,2.5,.729,0.8,2.8,3.7,4.6,1.5,0.4,1.9,4.5,20.0,,105,112
164,Donté Greene,SF,20,SAC,55,4,725,5.4,16.6,.326,1.8,7.0,.260,3.6,9.6,.375,2.0,2.4,.853,1.3,4.7,6.0,2.1,1.1,1.0,2.6,4.8,14.7,,84,116
165,Hamed Haddadi,C,23,MEM,19,0,120,6.7,13.8,.484,0.0,0.0,,6.7,13.8,.484,8.0,13.3,.600,7.1,13.8,20.9,3.5,0.4,5.3,4.0,8.9,21.3,,109,103
166,Malik Hairston,SG,21,SAS,15,0,155,8.4,17.2,.490,0.0,0.4,.000,8.4,16.8,.500,0.7,2.5,.286,3.9,6.0,9.8,4.6,2.1,2.5,4.2,6.7,17.5,,92,101
167,Richard Hamilton,SG,30,DET,67,51,2279,11.3,25.3,.447,1.7,4.6,.368,9.6,20.7,.464,5.4,6.4,.848,1.1,4.0,5.0,7.2,1.0,0.1,3.2,4.3,29.7,,108,112
168,Matt Harpring,SG,32,UTA,63,2,693,8.3,17.9,.461,0.0,0.1,.000,8.3,17.8,.464,4.1,5.4,.764,3.5,5.7,9.1,2.1,2.2,0.7,2.2,7.6,20.6,,105,107
169,Al Harrington,PF,28,TOT,73,56,2546,10.4,23.6,.439,3.3,9.2,.364,7.0,14.5,.487,4.6,5.7,.793,1.9,6.9,8.9,2.0,1.7,0.4,3.1,4.4,28.6,,105,110
170,Devin Harris,PG,25,NJN,69,69,2494,9.7,22.2,.438,1.4,4.7,.291,8.4,17.5,.477,10.6,13.0,.820,0.6,4.3,4.9,10.2,2.4,0.3,4.5,3.5,31.5,,113,111
171,Jason Hart,PG,30,TOT,39,2,348,4.5,14.0,.319,0.0,0.9,.000,4.5,13.2,.341,2.7,3.4,.783,1.9,4.9,6.9,7.2,1.8,0.6,3.3,5.8,11.7,,85,112
172,Udonis Haslem,PF,28,MIA,75,75,2560,6.9,13.4,.518,0.0,0.0,,6.9,13.4,.518,2.7,3.5,.753,3.5,9.4,12.9,1.8,0.9,0.5,1.7,4.3,16.6,,113,108
173,Trenton Hassell,SF,29,NJN,53,31,1094,4.2,9.3,.450,0.1,0.4,.250,4.1,8.9,.459,1.0,1.2,.800,2.4,4.7,7.1,2.5,1.0,0.8,1.5,4.5,9.5,,103,114
174,Spencer Hawes,C,20,SAC,77,51,2259,8.4,18.0,.466,0.9,2.6,.348,7.5,15.4,.486,2.0,3.1,.662,3.3,9.0,12.4,3.4,1.0,2.1,3.6,5.6,19.8,,98,113
175,Chuck Hayes,C,25,HOU,71,1,858,2.6,7.0,.372,0.0,0.2,.000,2.6,6.8,.385,0.4,1.2,.368,4.6,10.9,15.5,2.6,2.1,1.2,1.6,8.3,5.6,,98,100
176,Jarvis Hayes,SF,27,NJN,74,1,1832,7.5,16.8,.445,2.7,7.1,.385,4.8,9.7,.489,1.0,1.5,.692,0.8,7.0,7.8,1.6,1.5,0.2,1.4,4.7,18.8,,105,112
177,Brendan Haywood,C,29,WAS,6,5,175,7.2,15.1,.480,0.0,0.0,,7.2,15.1,.480,3.0,6.3,.476,3.9,9.3,13.3,2.4,1.2,4.5,2.7,4.2,17.5,,99,109
178,Luther Head,PG-SG,26,TOT,32,4,498,5.9,15.4,.382,2.1,5.8,.370,3.7,9.6,.389,2.0,2.6,.792,0.6,4.9,5.6,6.2,1.8,0.2,2.7,4.0,15.9,,100,107
179,Walter Herrmann,SF,29,DET,59,0,630,7.2,18.2,.396,3.6,10.5,.342,3.6,7.6,.471,1.7,2.2,.760,2.5,6.9,9.4,1.9,0.6,0.4,1.5,3.8,19.7,,107,110
180,Roy Hibbert,C,22,IND,70,42,1009,9.8,20.7,.471,0.0,0.0,,9.8,20.7,.471,4.8,7.2,.667,5.7,6.3,12.0,2.4,1.0,3.7,2.7,10.6,24.4,,107,107
181,J.J. Hickson,C,20,CLE,62,0,705,7.7,14.9,.515,0.0,0.0,,7.7,14.9,.515,3.5,5.1,.672,4.0,8.7,12.7,0.7,1.1,2.3,3.5,6.2,18.8,,102,101
182,Nenê,C,26,DEN,77,76,2510,8.7,14.4,.604,0.0,0.1,.200,8.7,14.3,.607,5.4,7.5,.723,3.7,8.4,12.1,2.2,1.9,2.0,3.0,5.6,22.8,,120,105
183,George Hill,PG,22,SAS,77,7,1270,6.4,15.9,.403,1.0,3.1,.329,5.4,12.8,.421,4.9,6.2,.781,1.3,5.5,6.8,5.8,1.9,0.9,3.2,6.4,18.7,,101,104
184,Grant Hill*,SF,36,PHO,82,68,2445,8.0,15.2,.523,0.5,1.6,.316,7.5,13.7,.547,3.7,4.6,.808,1.3,7.0,8.3,3.8,1.8,1.1,2.6,3.7,20.1,,114,111
185,Steven Hill,PF,23,OKC,1,0,2,25.6,25.6,1.000,0.0,0.0,,25.6,25.6,1.000,0.0,0.0,,51.3,25.6,76.9,0.0,0.0,0.0,0.0,0.0,51.3,,205,103
186,Kirk Hinrich,SG,28,CHI,51,4,1339,7.0,16.1,.437,2.7,6.5,.408,4.4,9.6,.456,2.6,3.3,.791,0.6,4.1,4.7,7.6,2.5,0.7,3.4,4.9,19.4,,108,109
187,Ryan Hollins,C,24,TOT,45,3,444,6.0,11.3,.532,0.0,0.0,,6.0,11.3,.532,5.2,8.6,.597,5.5,6.1,11.6,0.8,0.8,3.8,2.9,9.4,17.1,,110,106
188,Al Horford,C,22,ATL,67,67,2242,7.5,14.2,.525,0.0,0.0,.000,7.5,14.2,.526,3.6,4.9,.727,3.5,11.4,14.9,3.9,1.3,2.3,2.5,4.5,18.5,,114,104
189,Eddie House,PG,30,BOS,81,0,1479,8.9,20.1,.445,5.4,12.2,.444,3.5,7.9,.445,1.5,1.9,.792,0.4,5.2,5.6,3.3,2.2,0.3,2.0,4.1,24.8,,115,103
190,Dwight Howard,C,23,ORL,79,79,2821,10.3,18.0,.572,0.0,0.0,.000,10.3,18.0,.573,9.3,15.6,.594,6.2,13.9,20.1,2.1,1.4,4.3,4.4,5.0,29.9,,113,95
191,Josh Howard,SF,28,DAL,52,51,1663,11.1,24.7,.451,1.8,5.3,.345,9.3,19.4,.480,5.4,6.9,.782,1.9,6.4,8.3,2.6,1.7,0.9,2.8,4.3,29.5,,106,109
192,Juwan Howard,SF-PF,35,TOT,42,2,472,8.6,16.9,.510,0.0,0.0,,8.6,16.9,.510,2.6,3.9,.676,3.4,5.3,8.7,3.0,0.8,0.7,3.0,8.1,19.9,,104,109
193,Larry Hughes,SF-SG,30,TOT,55,20,1479,7.7,19.1,.402,2.6,6.6,.389,5.1,12.5,.409,4.0,5.0,.807,0.5,4.9,5.4,4.1,2.5,0.5,2.4,3.3,21.9,,104,109
194,Kris Humphries,SF,23,TOR,29,0,265,7.5,17.7,.422,0.0,0.0,,7.5,17.7,.422,7.5,9.5,.792,4.7,9.1,13.8,2.0,1.6,1.2,1.6,6.1,22.4,,112,108
195,Lindsey Hunter,PG,38,CHI,28,0,266,5.2,15.9,.329,3.1,9.3,.333,2.1,6.6,.324,0.6,1.0,.600,0.4,1.9,2.3,7.2,3.9,0.2,3.7,5.4,14.2,,89,108
196,Othello Hunter,PF,22,ATL,16,0,92,6.4,11.6,.550,0.0,0.0,,6.4,11.6,.550,0.0,2.9,.000,5.2,8.7,14.0,0.6,1.2,2.9,1.2,6.4,12.8,,106,105
197,Andre Iguodala,SF,25,PHI,82,82,3269,8.8,18.7,.473,1.3,4.3,.307,7.5,14.5,.521,6.2,8.5,.724,1.5,6.2,7.7,7.1,2.1,0.6,3.6,2.5,25.2,,112,108
198,Zydrunas Ilgauskas,C,33,CLE,65,65,1765,10.5,22.2,.472,0.5,1.2,.385,10.0,21.0,.477,4.3,5.3,.799,4.8,10.2,15.0,2.0,0.9,2.6,2.8,5.6,25.7,,108,101
199,D.J. Mbenga,C,28,LAL,23,0,181,7.6,16.0,.474,0.0,0.3,.000,7.6,15.7,.482,2.0,2.2,.875,2.5,6.2,8.7,2.5,2.8,6.7,3.7,9.3,17.2,,95,97
200,Allen Iverson*,PG-SG,33,TOT,57,53,2093,9.2,21.9,.417,0.7,2.6,.283,8.4,19.3,.435,7.1,9.1,.781,0.8,3.8,4.6,7.4,2.3,0.2,3.8,2.3,26.2,,103,109
201,Royal Ivey,SG,27,PHI,71,0,861,4.3,12.9,.332,2.4,7.1,.342,1.9,5.8,.319,2.1,2.7,.791,1.2,3.5,4.7,2.7,2.2,0.4,1.4,4.7,13.1,,102,110
202,Jarrett Jack,SG,25,IND,82,53,2716,7.1,15.6,.453,1.4,4.0,.353,5.6,11.6,.487,4.1,4.8,.852,0.8,4.2,5.1,6.2,1.6,0.3,3.4,3.3,19.7,,107,111
203,Bobby Jackson,PG,35,SAC,71,10,1484,6.6,16.6,.398,2.1,6.8,.305,4.6,9.9,.462,3.0,3.5,.851,1.4,5.4,6.9,4.9,2.1,0.1,2.3,3.4,18.3,,104,115
204,Darnell Jackson,PF,23,CLE,51,2,430,4.7,10.8,.430,0.0,0.3,.000,4.7,10.6,.440,3.0,4.4,.686,4.0,6.9,10.9,1.0,1.3,0.5,1.8,9.7,12.3,,105,104
205,Stephen Jackson,SF,30,GSW,59,59,2339,8.6,20.8,.414,2.2,6.4,.338,6.5,14.5,.448,6.1,7.4,.826,1.5,4.9,6.3,8.0,1.8,0.6,4.8,3.2,25.6,,104,114
206,Jerome James,C,33,NYK,2,0,10,14.9,39.7,.375,0.0,0.0,,14.9,39.7,.375,0.0,0.0,,5.0,9.9,14.9,0.0,5.0,5.0,5.0,9.9,29.8,,73,96
207,LeBron James,SF,24,CLE,81,81,3054,14.0,28.6,.489,2.3,6.8,.344,11.6,21.8,.535,10.5,13.5,.780,1.9,9.0,10.9,10.4,2.4,1.6,4.3,2.5,40.8,,122,99
208,Mike James,PG,33,TOT,61,50,1649,6.3,16.5,.383,2.2,5.9,.375,4.1,10.6,.388,2.2,2.6,.829,0.8,3.5,4.3,6.4,1.4,0.2,3.0,3.5,17.0,,99,117
209,Antawn Jamison,PF,32,WAS,81,81,3096,11.5,24.6,.468,1.9,5.4,.351,9.6,19.1,.501,5.8,7.7,.754,3.3,8.9,12.3,2.6,1.6,0.4,2.1,3.7,30.7,,114,113
210,Marko Jarić,SG,30,MEM,53,0,605,4.2,12.8,.331,1.0,2.5,.393,3.3,10.3,.316,2.6,3.6,.707,2.0,3.7,5.7,6.5,2.6,1.0,4.3,5.5,12.0,,85,109
211,Nathan Jawai,PF,22,TOR,6,0,19,2.7,11.0,.250,0.0,0.0,,2.7,11.0,.250,0.0,0.0,,2.7,2.7,5.5,0.0,0.0,0.0,5.5,8.2,5.5,,44,117
212,Al Jefferson,C,24,MIN,50,50,1836,13.8,27.8,.497,0.0,0.1,.000,13.8,27.7,.499,5.3,7.2,.738,4.9,10.7,15.6,2.3,1.1,2.4,2.6,4.0,33.0,,109,108
213,Dontell Jefferson,SG,25,CHA,6,0,84,7.1,14.2,.500,0.6,1.3,.500,6.5,12.9,.500,3.9,5.8,.667,0.6,7.1,7.8,5.8,2.6,0.6,3.9,5.8,18.8,,103,104
214,Richard Jefferson,SF,28,MIL,82,82,2939,9.5,21.6,.439,2.0,5.2,.397,7.4,16.4,.453,7.4,9.1,.805,1.0,5.6,6.6,3.5,1.2,0.2,2.9,4.4,28.4,,110,110
215,Jared Jeffries,SF,27,NYK,56,36,1310,4.5,10.3,.440,0.0,0.5,.083,4.5,9.9,.456,2.1,3.4,.611,4.9,3.9,8.8,3.0,1.8,1.3,2.5,5.8,11.2,,102,111
216,Yi Jianlian,PF,21,NJN,61,52,1421,7.2,18.8,.382,1.8,5.3,.343,5.4,13.5,.397,3.6,4.6,.772,2.5,9.7,12.2,2.3,1.1,1.4,2.6,5.9,19.7,,96,110
217,Amir Johnson,PF,21,DET,62,24,911,5.9,9.9,.595,0.0,0.0,,5.9,9.9,.595,1.4,2.1,.657,6.2,7.9,14.1,1.2,1.2,3.6,2.0,10.4,13.2,,120,105
218,Anthony Johnson,PG,34,ORL,80,12,1481,5.4,13.4,.404,1.8,4.7,.391,3.6,8.7,.411,2.1,2.8,.753,1.0,4.1,5.2,7.0,1.6,0.2,2.9,3.9,14.8,,104,105
219,Joe Johnson,SG,27,ATL,79,79,3124,10.6,24.3,.437,2.6,7.1,.360,8.1,17.2,.468,5.1,6.2,.826,1.1,4.8,5.9,7.8,1.4,0.3,3.3,3.0,28.9,,110,110
220,Linton Johnson,PF,28,TOT,10,0,55,3.8,10.4,.364,0.9,1.9,.500,2.8,8.5,.333,0.0,0.0,,2.8,4.7,7.6,1.9,0.9,0.0,1.9,6.6,8.5,,89,112
221,Trey Johnson,SG,24,CLE,4,0,14,0.0,19.3,.000,0.0,0.0,,0.0,19.3,.000,15.5,15.5,1.000,0.0,3.9,3.9,0.0,0.0,0.0,3.9,15.5,15.5,,62,109
222,Dahntay Jones,SG,28,DEN,79,71,1426,5.5,12.0,.458,0.4,0.6,.647,5.1,11.4,.448,3.9,5.4,.728,2.1,3.9,6.0,2.8,1.7,0.7,2.4,7.1,15.3,,105,110
223,Damon Jones,PG,32,MIL,18,0,108,5.3,16.3,.324,5.3,13.4,.393,0.0,2.9,.000,0.0,0.0,,0.0,2.9,2.9,3.4,1.4,0.0,2.9,1.9,15.8,,91,111
224,Dwayne Jones,PF,25,CHA,6,0,52,4.2,7.3,.571,0.0,0.0,,4.2,7.3,.571,4.2,6.3,.667,6.3,6.3,12.5,0.0,0.0,1.0,4.2,6.3,12.5,,102,110
225,Fred Jones,SF,29,LAC,52,21,1495,4.5,11.1,.407,1.9,5.1,.367,2.6,5.9,.441,2.3,2.8,.815,0.8,3.6,4.4,6.6,1.8,0.4,2.3,3.9,13.2,,109,114
226,James Jones,SF,28,MIA,40,1,630,4.7,12.6,.369,2.8,8.1,.344,1.9,4.5,.415,2.2,2.6,.839,1.0,4.2,5.3,1.7,1.0,1.2,1.0,4.9,14.3,,108,111
227,Solomon Jones,C,24,ATL,63,0,675,5.3,8.8,.604,0.1,0.2,.500,5.2,8.6,.606,4.2,5.9,.716,4.1,7.1,11.3,1.2,0.6,2.7,2.1,9.9,14.9,,124,108
228,DeAndre Jordan,C,20,LAC,53,13,771,6.3,9.9,.633,0.0,0.0,,6.3,9.9,.633,2.8,7.4,.385,4.9,11.2,16.0,0.7,0.7,4.0,2.8,6.5,15.4,,105,107
229,Chris Kaman,C,26,LAC,31,24,921,9.1,17.3,.528,0.0,0.0,,9.1,17.3,.528,2.9,4.2,.680,4.2,9.7,14.0,2.6,1.0,2.5,4.8,5.3,21.1,,97,109
230,Jason Kapono,SG,27,TOR,80,12,1831,7.4,17.2,.432,2.8,6.5,.428,4.6,10.7,.435,1.0,1.2,.810,0.7,3.9,4.6,3.0,0.6,0.1,2.0,4.1,18.6,,101,115
231,Jason Kidd*,PG,35,DAL,81,81,2886,4.7,11.2,.416,2.4,5.9,.406,2.3,5.4,.427,1.6,1.9,.819,1.5,7.5,9.1,12.8,2.9,0.7,3.4,3.1,13.3,,116,106
232,Tarence Kinsey,SG,24,CLE,50,3,277,6.1,13.5,.449,1.4,3.5,.389,4.7,10.0,.471,6.4,7.4,.868,2.0,5.5,7.4,2.0,2.3,0.0,4.3,6.6,19.9,,105,103
233,Andrei Kirilenko,PF,27,UTA,67,10,1831,7.2,16.0,.449,0.6,2.1,.274,6.6,14.0,.475,6.9,8.8,.785,2.4,6.6,9.0,4.9,2.3,2.2,3.4,3.6,21.8,,109,105
234,Linas Kleiza,SF,24,DEN,82,7,1824,8.1,18.0,.447,2.4,7.5,.326,5.6,10.6,.533,4.1,5.7,.725,2.6,6.6,9.1,1.8,0.9,0.4,2.3,4.3,22.7,,110,110
235,Brevin Knight,PG,33,UTA,74,0,938,3.6,10.4,.349,0.0,0.3,.000,3.6,10.1,.361,2.6,3.5,.750,0.7,4.1,4.8,10.4,3.7,0.2,3.6,5.4,9.9,,93,105
236,Kyle Korver,SF,27,UTA,78,2,1874,6.7,15.4,.438,2.8,7.3,.386,3.9,8.1,.485,3.1,3.5,.882,1.0,6.1,7.1,3.8,1.3,0.8,2.5,4.7,19.4,,110,109
237,Kosta Koufos,C,19,UTA,48,7,565,8.6,16.9,.508,0.0,0.0,,8.6,16.9,.508,3.3,4.7,.706,4.6,8.0,12.6,1.8,1.1,2.8,2.4,6.4,20.4,,109,106
238,Nenad Krstić,C,25,OKC,46,29,1141,8.6,18.3,.469,0.0,0.0,,8.6,18.3,.469,2.8,3.6,.797,3.8,7.6,11.4,1.3,0.9,2.2,2.0,5.1,20.0,,104,109
239,Rob Kurz,PF,23,GSW,40,5,442,5.6,14.5,.389,1.7,4.2,.395,4.0,10.3,.387,4.4,5.5,.800,3.7,5.3,9.0,2.2,1.5,2.1,1.8,8.6,17.4,,111,113
240,Carl Landry,PF,25,HOU,69,0,1467,8.7,15.2,.574,0.0,0.1,.333,8.7,15.1,.576,5.7,7.0,.813,4.5,7.9,12.4,1.4,0.9,1.1,2.5,6.0,23.1,,123,104
241,Acie Law,PG,24,ATL,55,1,560,5.0,13.3,.374,0.9,2.8,.310,4.1,10.5,.391,4.7,5.7,.817,0.6,5.0,5.5,8.2,1.1,0.3,2.8,4.1,15.5,,105,111
242,Courtney Lee,SG,23,ORL,77,42,1939,6.5,14.5,.450,2.2,5.4,.404,4.3,9.0,.478,2.1,2.5,.830,0.5,4.3,4.8,2.4,2.0,0.4,1.8,4.2,17.3,,107,104
243,David Lee,C,25,NYK,81,74,2824,9.2,16.7,.549,0.0,0.1,.000,9.2,16.7,.551,4.4,5.8,.755,4.5,12.2,16.7,3.1,1.4,0.4,2.6,4.6,22.7,,118,108
244,Rashard Lewis,PF,29,ORL,79,79,2859,8.7,19.8,.439,4.0,10.1,.397,4.7,9.7,.482,4.1,4.9,.836,1.7,6.6,8.2,3.7,1.5,0.9,2.9,3.5,25.5,,113,103
245,Shaun Livingston,PG,23,TOT,12,1,231,6.9,13.4,.517,0.0,0.0,,6.9,13.4,.517,2.0,2.2,.900,0.7,5.6,6.3,4.5,1.6,0.4,2.0,2.7,15.9,,109,111
246,Brook Lopez,C,20,NJN,82,75,2501,9.6,18.0,.531,0.0,0.0,.000,9.6,18.0,.532,3.7,4.6,.793,4.8,9.4,14.2,1.8,0.9,3.2,3.1,5.5,22.8,,110,108
247,Robin Lopez,C,20,PHO,60,7,614,5.8,11.2,.518,0.0,0.1,.000,5.8,11.1,.522,3.8,5.5,.691,4.2,5.4,9.6,0.7,0.9,3.3,2.3,7.9,15.4,,112,111
248,Kevin Love,C,20,MIN,81,37,2048,8.1,17.6,.459,0.1,0.5,.105,8.0,17.1,.469,6.8,8.6,.789,7.0,11.8,18.8,2.1,0.9,1.3,3.0,5.2,23.0,,112,109
249,Kyle Lowry,PG,22,TOT,77,21,1679,6.0,13.8,.435,0.8,3.1,.255,5.2,10.7,.488,5.7,7.2,.801,0.8,5.2,6.0,8.7,2.2,0.5,3.7,4.6,18.5,,109,108
250,Tyronn Lue,PG,31,TOT,44,0,521,7.1,16.1,.438,2.7,6.2,.435,4.4,10.0,.440,1.4,1.9,.737,0.6,4.0,4.6,6.0,0.8,0.0,2.3,5.4,18.2,,108,111
251,Mark Madsen,C,33,MIN,19,1,116,1.4,6.3,.214,0.0,0.0,,1.4,6.3,.214,0.0,1.8,.000,4.5,3.6,8.1,1.8,0.5,0.5,1.4,8.1,2.7,,71,116
252,Corey Maggette,PF,29,GSW,51,19,1588,9.0,19.5,.461,0.7,2.9,.253,8.3,16.6,.497,10.5,12.8,.824,1.5,7.2,8.7,2.8,1.4,0.2,3.7,5.9,29.2,,112,114
253,Jamaal Magloire,C,30,MIA,55,12,709,4.9,9.9,.496,0.0,0.0,,4.9,9.9,.496,2.2,4.5,.483,6.2,10.5,16.7,1.7,0.8,1.9,2.4,9.1,12.0,,106,106
254,Stephon Marbury,PG,31,BOS,23,4,414,4.9,14.2,.342,0.8,3.2,.240,4.1,11.0,.372,0.8,1.7,.462,0.3,3.3,3.6,9.6,1.3,0.4,4.7,4.4,11.3,,81,106
255,Shawn Marion,SF,30,TOT,69,68,2470,8.2,16.9,.485,0.2,1.1,.189,8.0,15.7,.506,2.5,3.1,.796,3.9,8.8,12.6,3.0,1.9,1.4,2.2,2.8,19.1,,107,106
256,Sean Marks,C,33,NOH,60,5,838,5.2,10.8,.485,0.1,0.7,.200,5.1,10.1,.503,2.0,2.9,.682,4.0,8.2,12.2,0.9,0.5,2.2,2.3,7.9,12.5,,103,107
257,Donyell Marshall,PF,35,PHI,25,0,189,9.3,20.6,.452,7.1,15.5,.455,2.3,5.1,.444,0.8,1.7,.500,1.7,9.6,11.3,4.2,1.1,1.4,1.7,6.8,26.5,,127,107
258,Cartier Martin,SF,24,CHA,33,1,266,5.7,15.7,.364,2.0,6.7,.303,3.7,9.0,.409,4.1,5.1,.800,1.4,5.3,6.7,2.7,1.6,0.8,1.8,6.7,17.6,,103,107
259,Kenyon Martin,PF,31,DEN,66,66,2111,7.7,15.6,.491,0.3,0.9,.368,7.3,14.7,.498,2.9,4.8,.604,2.0,7.6,9.5,3.2,2.3,1.8,2.5,4.8,18.5,,104,105
260,Kevin Martin,SG,25,SAC,51,46,1947,8.9,21.2,.420,3.0,7.2,.415,5.9,14.0,.423,12.0,13.8,.867,0.8,4.0,4.8,3.6,1.6,0.2,3.8,3.0,32.8,,115,117
261,Desmond Mason,SG,31,OKC,39,19,1064,6.0,13.7,.435,0.0,0.1,.000,6.0,13.6,.440,2.2,4.1,.541,2.0,5.6,7.6,2.2,0.7,1.4,2.7,4.6,14.2,,90,111
262,Roger Mason,SG,28,SAS,82,71,2496,7.6,17.9,.425,3.6,8.6,.421,4.0,9.3,.428,2.3,2.6,.890,0.3,5.1,5.5,3.8,0.9,0.3,2.2,3.5,21.1,,107,107
263,Jason Maxiell,C,25,DET,78,4,1408,7.2,12.6,.575,0.0,0.0,.000,7.2,12.5,.577,3.3,6.2,.532,6.6,6.1,12.7,0.9,1.0,2.5,1.8,6.2,17.8,,120,108
264,Sean May,PF,24,CHA,24,12,301,7.0,17.7,.398,0.2,0.2,1.000,6.9,17.5,.392,2.5,3.6,.700,3.6,8.8,12.5,1.8,0.9,0.7,4.7,5.8,16.8,,82,106
265,O.J. Mayo,SG,21,MEM,82,82,3120,9.6,21.9,.438,2.5,6.5,.384,7.1,15.4,.461,4.2,4.8,.879,1.0,4.3,5.3,4.5,1.6,0.2,3.9,3.5,25.9,,103,112
266,Luc Mbah a Moute,PF,22,MIL,82,52,2114,5.6,12.0,.462,0.0,0.1,.000,5.6,11.9,.466,3.4,4.7,.729,4.6,7.3,11.9,2.1,2.1,1.1,2.5,5.0,14.6,,106,106
267,Rashad McCants,SG,24,TOT,58,3,1101,9.0,22.9,.393,3.0,8.9,.333,6.1,14.1,.431,5.0,6.6,.759,1.0,4.2,5.2,3.2,2.2,0.7,3.0,4.8,26.1,,100,113
268,Antonio McDyess,PF,34,DET,62,30,1866,7.9,15.6,.510,0.0,0.0,,7.9,15.6,.510,1.8,2.6,.698,5.5,12.5,18.0,2.5,1.2,1.5,1.5,5.7,17.7,,115,104
269,JaVale McGee,C,21,WAS,75,14,1143,8.8,17.9,.494,0.0,0.0,,8.8,17.9,.494,4.9,7.5,.660,5.5,8.0,13.6,1.1,1.5,3.5,2.8,7.2,22.6,,107,110
270,Tracy McGrady*,SG,29,HOU,35,35,1181,8.5,21.9,.388,2.0,5.3,.376,6.5,16.6,.391,5.6,7.0,.801,0.9,6.0,6.9,7.9,1.9,0.7,3.1,1.7,24.6,,105,104
271,Dominic McGuire,SF,23,WAS,79,57,2072,3.6,8.2,.432,0.1,0.1,.500,3.5,8.1,.431,1.9,2.6,.725,2.9,8.0,10.9,5.0,1.6,1.9,2.3,3.9,9.1,,103,112
272,Josh McRoberts,PF,21,IND,33,0,279,6.2,14.8,.422,0.0,1.8,.000,6.2,13.0,.479,1.8,2.3,.769,4.6,8.6,13.2,2.9,2.1,2.9,2.1,7.3,14.3,,100,105
273,Pops Mensah-Bonsu,PF,25,TOT,22,0,283,7.2,19.0,.379,0.0,0.4,.000,7.2,18.7,.386,6.1,8.9,.688,10.2,10.7,20.9,1.1,1.7,0.9,3.5,8.0,20.5,,99,107
274,Chris Mihm,C,29,LAL,18,0,105,7.3,19.4,.375,0.0,0.0,,7.3,19.4,.375,2.9,3.4,.857,7.3,9.2,16.5,4.8,0.5,2.9,4.8,11.1,17.5,,92,104
275,C.J. Miles,SG,21,UTA,72,72,1623,8.2,17.8,.459,2.0,5.7,.352,6.2,12.2,.509,2.5,2.8,.876,1.4,3.9,5.3,3.4,1.5,0.5,2.0,5.9,20.9,,109,110
276,Darius Miles,SF,27,MEM,34,0,298,8.6,17.7,.485,0.2,1.1,.167,8.4,16.6,.505,4.1,5.5,.742,3.4,6.8,10.2,3.0,2.0,3.6,3.8,5.7,21.4,,102,106
277,Darko Miličić,C,23,MEM,61,15,1034,7.1,13.7,.515,0.0,0.0,,7.1,13.7,.515,3.0,5.4,.562,4.3,9.3,13.6,1.8,1.1,2.6,2.5,6.9,17.1,,106,107
278,Andre Miller,PG,32,PHI,82,82,2976,8.8,18.7,.473,0.3,1.0,.283,8.6,17.7,.483,6.1,7.3,.826,2.2,4.4,6.6,9.6,2.0,0.3,3.6,3.5,24.0,,115,110
279,Brad Miller,C,32,TOT,70,43,2100,7.1,15.0,.476,0.6,1.4,.411,6.6,13.6,.482,5.5,6.6,.824,3.7,9.6,13.3,5.7,1.3,0.9,3.2,5.4,20.2,,114,111
280,Mike Miller,SF,28,MIN,73,47,2356,5.9,12.2,.482,1.9,5.0,.378,4.0,7.2,.554,2.4,3.3,.732,1.6,9.1,10.7,7.3,0.7,0.7,3.2,3.1,16.1,,112,112
281,Paul Millsap,PF,23,UTA,76,38,2290,9.0,16.9,.534,0.0,0.1,.000,9.0,16.8,.537,5.1,7.3,.699,5.6,9.1,14.7,3.1,1.8,1.6,2.9,6.5,23.1,,116,105
282,Yao Ming*,C,28,HOU,77,77,2589,11.6,21.2,.548,0.0,0.0,1.000,11.6,21.2,.548,7.8,9.0,.866,4.2,11.4,15.6,2.8,0.6,3.1,4.8,5.3,31.1,,114,101
283,Cuttino Mobley,SG,33,LAC,11,11,365,9.0,20.9,.432,1.7,5.0,.343,7.3,15.9,.459,1.9,2.6,.722,1.3,2.9,4.1,1.7,2.1,0.3,2.6,3.0,21.6,,94,114
284,Nazr Mohammed,C,31,CHA,39,1,341,6.5,16.1,.406,0.0,0.0,,6.5,16.1,.406,3.5,6.4,.550,5.6,7.0,12.6,1.3,0.8,2.5,3.7,10.0,16.6,,89,106
285,Jamario Moon,SF,28,TOT,80,60,2068,5.6,12.1,.468,1.7,4.7,.355,4.0,7.4,.540,1.7,2.0,.850,1.5,7.8,9.3,2.4,2.2,1.5,1.1,3.4,14.7,,116,107
286,Mikki Moore,PF-C,33,TOT,70,20,1202,4.9,8.9,.553,0.0,0.0,,4.9,8.9,.553,2.1,2.6,.787,3.3,7.8,11.1,2.3,0.7,0.8,2.1,9.0,11.9,,114,111
287,Randolph Morris,C,23,ATL,23,0,89,4.2,10.2,.412,0.0,0.0,,4.2,10.2,.412,2.4,2.4,1.000,2.4,9.6,12.0,1.2,1.2,0.6,4.2,15.0,10.8,,81,106
288,Adam Morrison,SF,24,TOT,52,5,711,6.1,17.0,.359,2.4,7.3,.333,3.7,9.7,.378,1.3,1.8,.739,1.4,4.7,6.1,3.1,0.7,0.3,2.4,5.9,15.9,,92,110
289,Anthony Morrow,SG,23,GSW,67,17,1515,8.2,17.2,.478,2.8,5.9,.467,5.5,11.3,.483,2.6,3.0,.870,2.5,3.9,6.4,2.6,1.2,0.4,1.7,4.2,21.8,,119,117
290,Troy Murphy,PF,28,IND,73,73,2482,7.3,15.4,.475,3.2,7.2,.450,4.1,8.2,.496,3.0,3.7,.826,2.9,14.3,17.3,3.4,1.2,0.7,2.3,4.5,20.9,,120,106
291,Ronald Murray,SG,29,ATL,80,2,1975,9.6,21.6,.447,2.4,6.6,.360,7.3,15.0,.485,4.8,6.3,.760,0.6,4.0,4.6,4.3,2.4,0.5,3.5,4.7,26.4,,104,109
292,Dikembe Mutombo*,C,42,HOU,9,2,96,2.8,7.2,.385,0.0,0.0,,2.8,7.2,.385,3.3,5.0,.667,6.7,11.6,18.3,0.0,0.0,6.1,3.3,6.1,8.9,,95,99
293,Eduardo Nájera,PF,32,NJN,27,0,319,5.5,12.4,.446,0.8,4.2,.200,4.7,8.2,.571,1.3,3.7,.364,2.8,8.4,11.2,3.2,1.7,0.7,3.0,8.4,13.2,,93,110
294,Steve Nash*,PG,34,PHO,74,74,2484,8.6,17.1,.503,2.2,5.0,.439,6.4,12.2,.529,3.9,4.2,.933,0.4,4.1,4.5,14.4,1.1,0.2,5.0,2.2,23.4,,119,115
295,DeMarcus Nelson,PG,23,GSW,13,5,171,6.9,15.4,.444,0.0,0.9,.000,6.9,14.6,.471,1.4,4.0,.357,1.7,5.1,6.9,3.7,2.6,0.6,4.3,6.9,15.2,,82,113
296,Jameer Nelson,PG,26,ORL,42,42,1309,10.6,21.1,.503,3.3,7.2,.453,7.3,13.9,.529,3.4,3.9,.887,0.8,5.0,5.8,9.0,2.0,0.1,3.3,4.9,27.9,,121,103
297,Rasho Nesterović,C,32,IND,70,19,1214,9.2,17.9,.513,0.0,0.0,.000,9.2,17.9,.514,1.0,1.3,.781,3.8,6.0,9.8,4.5,1.2,1.6,2.6,7.0,19.4,,108,109
298,Demetris Nichols,SF,24,TOT,4,0,14,10.8,32.3,.333,0.0,7.2,.000,10.8,25.2,.429,3.6,7.2,.500,0.0,7.2,7.2,3.6,0.0,3.6,0.0,3.6,25.2,,82,110
299,Joakim Noah,C,23,CHI,80,55,1938,5.5,9.9,.556,0.0,0.0,.000,5.5,9.9,.558,3.3,4.8,.676,6.5,9.6,16.1,2.8,1.3,2.9,2.2,6.3,14.3,,123,105
300,Andrés Nocioni,PF-SF,29,TOT,76,18,1991,7.7,18.1,.427,3.2,8.0,.399,4.5,10.1,.449,3.7,4.7,.792,1.4,7.9,9.3,2.6,1.0,0.9,2.9,6.7,22.4,,106,111
301,Steve Novak,PF,25,LAC,71,3,1161,7.9,17.8,.444,5.3,12.8,.416,2.6,4.9,.518,0.9,1.0,.913,0.9,4.8,5.6,1.8,0.9,0.2,1.0,3.2,22.1,,119,115
302,Dirk Nowitzki,PF,30,DAL,81,81,3050,13.3,27.8,.479,1.0,2.9,.359,12.3,24.9,.493,8.3,9.4,.890,1.5,10.2,11.7,3.4,1.0,1.1,2.7,3.0,36.0,,114,108
303,Patrick O'Bryant,C,22,TOT,39,3,255,9.3,17.3,.536,0.0,0.4,.000,9.3,16.9,.549,2.3,4.1,.550,2.7,10.9,13.6,2.3,1.2,3.9,4.5,12.6,20.8,,94,101
304,Jermaine O'Neal,C,30,TOT,68,61,2027,9.5,20.0,.474,0.0,0.0,.000,9.5,20.0,.475,4.5,5.8,.788,3.3,8.0,11.2,3.2,0.8,3.5,3.7,5.5,23.5,,100,107
305,Shaquille O'Neal*,C,36,PHO,75,75,2252,11.4,18.7,.609,0.0,0.0,.000,11.4,18.7,.610,6.9,11.5,.595,4.2,9.9,14.1,2.8,1.1,2.4,3.7,5.6,29.6,,117,109
306,Fabricio Oberto,C,33,SAS,54,11,677,4.9,8.3,.587,0.0,0.1,.000,4.9,8.3,.592,1.6,2.8,.571,5.2,6.2,11.4,4.7,0.6,0.9,3.0,7.6,11.4,,115,106
307,Greg Oden,C,21,POR,61,39,1314,8.3,14.8,.564,0.0,0.0,,8.3,14.8,.564,6.1,9.5,.637,7.1,10.8,17.9,1.3,1.1,2.9,3.7,10.0,22.8,,116,104
308,Lamar Odom,PF,29,LAL,78,32,2316,7.6,15.5,.492,0.7,2.3,.320,6.9,13.2,.522,3.5,5.6,.623,3.9,10.1,14.0,4.5,1.7,2.2,3.0,5.2,19.5,,110,102
309,Emeka Okafor,C,26,CHA,82,81,2691,8.7,15.6,.561,0.0,0.0,,8.7,15.6,.561,4.4,7.5,.593,5.6,11.1,16.7,1.1,1.0,2.7,2.9,5.0,21.9,,112,103
310,Mehmet Okur,C,29,UTA,72,72,2409,9.2,19.0,.485,1.9,4.3,.446,7.3,14.7,.497,5.8,7.1,.817,2.7,9.3,11.9,2.6,1.2,1.1,2.8,4.7,26.2,,115,107
311,Kevin Ollie,PG,36,MIN,50,21,850,3.8,9.2,.407,0.0,0.1,.000,3.8,9.2,.409,4.9,5.9,.833,0.8,3.8,4.6,7.2,1.2,0.2,2.1,4.9,12.5,,113,114
312,Travis Outlaw,SF,24,POR,81,6,2246,9.5,21.0,.453,2.2,5.8,.377,7.3,15.1,.482,4.3,6.0,.723,1.7,6.4,8.2,2.0,1.2,1.4,2.3,4.1,25.5,,111,109
313,Zaza Pachulia,C,24,ATL,77,26,1473,5.8,11.6,.497,0.0,0.1,.000,5.8,11.5,.502,5.9,8.4,.709,6.3,9.6,15.9,2.1,1.3,0.9,3.3,7.6,17.5,,113,106
314,Anthony Parker,SG,33,TOR,80,71,2637,6.4,14.9,.426,1.9,4.8,.390,4.5,10.2,.442,2.4,2.9,.834,0.9,5.4,6.3,5.3,2.0,0.3,2.3,2.9,17.0,,105,111
315,Tony Parker,PG,26,SAS,72,71,2456,14.1,27.9,.506,0.4,1.4,.292,13.7,26.5,.518,6.3,8.0,.782,0.6,4.3,4.9,11.0,1.5,0.1,4.1,2.4,35.0,,112,107
316,Chris Paul,PG,23,NOH,78,78,3002,11.5,22.9,.503,1.2,3.2,.364,10.3,19.6,.525,8.3,9.5,.868,1.3,6.6,7.9,15.7,3.9,0.2,4.2,3.9,32.4,,124,103
317,Sasha Pavlović,SF,25,CLE,66,12,1053,6.0,14.1,.422,2.5,6.0,.410,3.5,8.1,.430,1.3,2.8,.463,1.6,4.9,6.5,3.7,1.1,0.8,2.5,6.3,15.7,,102,105
318,Oleksiy Pecherov,C,23,WAS,32,0,277,7.4,19.2,.386,2.7,8.2,.326,4.8,11.0,.431,4.6,5.5,.828,6.7,7.8,14.5,0.4,1.1,0.6,1.9,6.5,22.1,,111,114
319,Kendrick Perkins,C,24,BOS,76,76,2253,6.5,11.3,.577,0.0,0.0,.000,6.5,11.2,.580,2.3,3.8,.600,4.8,9.8,14.6,2.3,0.5,3.5,3.9,6.0,15.3,,105,100
320,Morris Peterson,SG,31,NOH,43,9,515,7.7,19.4,.399,3.5,9.0,.388,4.2,10.4,.408,1.3,2.0,.632,1.4,7.5,8.9,1.7,1.6,0.2,1.6,5.4,20.3,,100,107
321,Johan Petro,C,23,TOT,49,22,559,6.7,16.1,.415,0.0,0.2,.000,6.7,15.9,.420,1.5,2.7,.552,3.8,10.6,14.5,1.5,1.7,1.4,2.6,9.8,14.8,,90,105
322,Paul Pierce*,SF,31,BOS,81,81,3035,9.4,20.7,.457,2.1,5.3,.391,7.4,15.3,.480,8.0,9.7,.830,1.0,7.0,8.0,5.1,1.4,0.5,4.0,3.8,29.0,,112,104
323,Mickaël Piétrus,SG,26,ORL,54,25,1329,6.9,16.7,.413,3.1,8.7,.359,3.8,7.9,.473,3.1,4.3,.709,1.7,5.2,6.9,2.5,1.2,0.9,2.2,4.9,19.9,,106,104
324,James Posey,SG,32,NOH,75,0,2140,5.5,13.4,.412,3.0,8.0,.369,2.6,5.4,.476,3.1,3.7,.822,1.0,8.3,9.2,2.1,1.5,0.5,2.0,5.5,17.1,,109,107
325,Leon Powe,PF,25,BOS,70,7,1227,7.7,14.6,.524,0.0,0.0,,7.7,14.6,.524,8.0,11.6,.689,6.3,8.7,14.9,2.0,1.0,1.6,3.3,8.3,23.3,,117,102
326,Josh Powell,PF,26,LAL,60,1,703,7.7,17.3,.444,0.0,0.0,,7.7,17.3,.444,2.8,3.6,.760,5.1,7.6,12.7,2.0,0.7,1.2,3.7,7.1,18.1,,97,106
327,Ronnie Price,PG,25,UTA,52,17,738,5.4,14.2,.379,1.3,4.3,.311,4.1,9.9,.408,2.4,3.1,.756,0.8,4.0,4.8,7.5,2.7,0.3,4.3,5.2,14.5,,91,108
328,Tayshaun Prince,SF,28,DET,82,82,3057,8.3,18.5,.450,1.0,2.6,.397,7.3,15.9,.458,3.4,4.4,.778,2.3,6.3,8.6,4.6,0.8,0.9,1.8,1.9,21.1,,110,110
329,Gabe Pruitt,SG,22,BOS,47,0,366,4.5,14.7,.307,2.0,7.0,.292,2.5,7.7,.321,2.5,3.0,.810,1.3,4.9,6.2,5.7,2.2,0.4,2.8,4.9,13.5,,93,103
330,Joel Przybilla,C,29,POR,82,43,1952,4.8,7.6,.625,0.0,0.0,.000,4.8,7.6,.627,3.2,4.8,.663,5.8,14.6,20.3,0.8,1.0,2.8,2.2,6.1,12.7,,124,102
331,Chris Quinn,PG,25,MIA,66,0,962,6.5,16.0,.408,3.1,7.6,.409,3.4,8.4,.408,2.6,3.2,.810,0.4,3.7,4.2,7.3,1.3,0.1,1.8,4.4,18.8,,114,112
332,Vladimir Radmanović,SF,28,TOT,78,31,1445,7.1,16.9,.421,3.8,9.5,.401,3.3,7.4,.446,1.6,2.1,.741,1.6,6.4,8.1,2.9,1.7,0.5,3.6,4.0,19.6,,100,106
333,Anthony Randolph,PF,19,GSW,63,22,1129,8.6,18.7,.462,0.0,0.2,.000,8.6,18.5,.466,4.4,6.1,.716,5.5,10.2,15.7,2.1,1.8,3.2,3.5,6.1,21.6,,102,108
334,Shavlik Randolph,PF,25,POR,10,0,37,12.0,19.5,.615,1.5,1.5,1.000,10.5,18.0,.583,1.5,6.0,.250,15.0,12.0,27.0,0.0,0.0,1.5,9.0,6.0,27.0,,98,107
335,Zach Randolph,PF-C,27,TOT,50,45,1757,12.2,25.6,.475,0.9,2.8,.330,11.2,22.8,.494,5.3,7.2,.734,4.6,10.2,14.8,3.0,1.3,0.5,3.3,3.9,30.5,,105,110
336,Theo Ratliff,C,35,PHI,46,0,579,3.1,5.9,.531,0.0,0.0,,3.1,5.9,.531,1.9,3.2,.600,4.2,7.6,11.8,0.8,1.6,4.3,1.3,7.1,8.2,,117,104
337,Michael Redd,SG,29,MIL,33,32,1203,10.7,23.6,.455,3.0,8.2,.366,7.7,15.3,.503,5.6,6.9,.814,1.0,3.6,4.6,3.8,1.5,0.1,2.3,1.9,30.1,,114,111
338,J.J. Redick,SG,24,ORL,64,5,1111,5.5,14.0,.391,3.1,8.4,.374,2.3,5.6,.417,3.8,4.4,.871,0.4,4.7,5.1,3.4,1.0,0.0,2.5,3.4,17.9,,107,106
339,Jason Richardson,SG,28,TOT,72,71,2410,9.8,20.5,.477,2.7,6.9,.397,7.1,13.7,.518,3.2,4.2,.769,1.6,5.1,6.7,3.1,1.6,0.6,2.0,3.1,25.6,,115,112
340,Jeremy Richardson,SF,24,ORL,12,0,93,7.8,27.4,.286,3.4,9.5,.353,4.5,17.9,.250,1.7,3.4,.500,0.6,7.3,7.8,1.7,0.0,0.0,1.7,3.4,20.7,,76,107
341,Quentin Richardson,SG,28,NYK,72,51,1894,6.9,17.5,.393,3.1,8.6,.365,3.7,8.9,.420,2.3,3.1,.761,1.9,6.5,8.4,3.1,1.2,0.2,1.9,3.5,19.2,,105,112
342,Luke Ridnour,PG,27,MIL,72,50,2033,6.4,15.8,.403,1.4,4.0,.350,5.0,11.8,.420,3.4,3.9,.869,0.8,4.7,5.6,9.3,2.3,0.4,3.3,5.1,17.5,,105,108
343,Anthony Roberson,PG,25,TOT,29,0,276,7.9,21.7,.367,4.7,14.6,.321,3.2,7.0,.462,0.9,0.9,1.000,1.1,2.9,4.0,3.6,1.8,0.2,1.4,3.2,21.5,,103,113
344,Nate Robinson,PG,24,NYK,74,11,2209,10.1,23.1,.437,2.8,8.7,.325,7.3,14.4,.504,5.6,6.7,.841,2.2,4.3,6.5,6.8,2.1,0.1,3.1,4.6,28.6,,113,111
345,Sergio Rodríguez,PG,22,POR,80,13,1225,5.8,14.9,.392,1.7,5.2,.325,4.2,9.7,.428,2.8,3.5,.792,1.9,3.9,5.9,12.9,2.4,0.1,5.4,6.0,16.1,,103,109
346,Rajon Rondo,PG,22,BOS,80,80,2642,7.7,15.3,.505,0.3,1.0,.313,7.4,14.3,.518,3.5,5.4,.642,2.0,6.4,8.4,13.2,3.0,0.2,4.2,3.9,19.2,,114,101
347,Derrick Rose,PG,20,CHI,81,80,3000,9.9,20.8,.475,0.3,1.2,.222,9.6,19.5,.491,3.4,4.3,.788,1.7,3.8,5.4,8.8,1.1,0.3,3.5,2.1,23.4,,108,113
348,Malik Rose,PF,34,TOT,38,0,470,4.9,14.1,.344,0.0,0.8,.000,4.9,13.4,.363,4.3,5.5,.784,1.8,8.5,10.4,3.9,1.1,0.3,3.9,7.8,14.0,,84,110
349,Quinton Ross,SF,27,MEM,68,7,1164,4.5,11.8,.382,1.5,4.0,.375,3.0,7.8,.386,1.6,1.9,.810,1.3,4.4,5.8,2.1,1.5,0.6,1.6,5.2,12.1,,98,112
350,Brandon Roy,SG,24,POR,78,78,2903,12.1,25.2,.480,1.6,4.2,.377,10.5,21.0,.501,7.9,9.6,.824,2.0,5.1,7.1,7.6,1.7,0.4,2.9,2.4,33.7,,123,109
351,Michael Ruffin,PF,32,POR,11,0,35,3.2,11.1,.286,0.0,0.0,,3.2,11.1,.286,3.2,3.2,1.000,9.5,7.9,17.4,0.0,4.7,1.6,3.2,11.1,9.5,,95,99
352,Brandon Rush,SG,23,IND,75,19,1803,6.7,15.9,.423,2.2,5.8,.373,4.6,10.1,.451,1.3,1.8,.697,0.9,5.5,6.4,1.8,1.0,1.0,2.1,3.5,16.8,,97,111
353,Kareem Rush,SG,28,PHI,25,1,199,5.4,15.6,.345,2.7,8.8,.303,2.7,6.7,.400,1.1,1.1,1.000,0.0,4.0,4.0,4.0,1.3,0.3,2.7,2.7,14.5,,92,111
354,John Salmons,SF,29,TOT,79,74,2959,8.9,18.9,.472,2.2,5.2,.417,6.7,13.7,.493,5.0,6.0,.830,1.0,4.7,5.8,4.3,1.4,0.4,2.9,3.1,25.0,,113,115
355,Cheikh Samb,C,24,TOT,18,0,83,3.7,19.9,.188,0.0,1.9,.000,3.7,18.0,.207,1.9,4.3,.429,6.2,8.7,14.9,0.6,1.9,6.2,1.9,4.3,9.3,,61,103
356,Brian Scalabrine,C,30,BOS,39,8,504,5.1,12.0,.421,2.5,6.4,.393,2.5,5.6,.453,1.7,1.9,.889,0.7,4.5,5.3,1.9,0.7,1.1,1.3,7.7,14.3,,112,106
357,Luis Scola,PF,28,HOU,82,82,2488,9.1,17.1,.531,0.0,0.1,.000,9.1,17.0,.533,4.2,5.5,.760,4.3,11.1,15.4,2.6,1.5,0.2,2.6,5.6,22.3,,114,102
358,Thabo Sefolosha,SF-SG,24,TOT,66,36,1453,5.4,12.6,.426,0.8,3.1,.276,4.5,9.6,.474,2.2,2.6,.836,1.9,6.7,8.6,3.9,2.7,1.6,2.3,3.7,13.8,,103,106
359,Mouhamed Sene,C,22,TOT,6,0,29,10.5,15.8,.667,0.0,0.0,,10.5,15.8,.667,14.0,17.6,.800,8.8,15.8,24.6,0.0,1.8,5.3,7.0,3.5,35.1,,122,99
360,Ramon Sessions,PG,22,MIL,79,39,2173,8.2,18.5,.445,0.1,0.8,.176,8.1,17.7,.457,6.7,8.4,.794,1.5,4.9,6.4,10.8,2.0,0.2,3.6,3.8,23.3,,111,109
361,Walter Sharpe,PF,22,DET,8,0,20,11.1,30.4,.364,0.0,5.5,.000,11.1,24.9,.444,0.0,5.5,.000,0.0,8.3,8.3,0.0,0.0,5.5,0.0,8.3,22.1,,71,105
362,Bobby Simmons,SF,28,NJN,71,44,1729,6.1,13.6,.449,3.6,8.1,.447,2.5,5.5,.453,1.3,1.8,.741,2.2,6.3,8.6,2.8,1.5,0.3,1.9,5.7,17.2,,116,112
363,Cedric Simmons,PF,23,TOT,18,0,84,6.7,15.3,.440,0.0,0.0,,6.7,15.3,.440,4.3,9.8,.438,3.1,6.7,9.8,1.2,0.6,2.4,1.2,4.9,17.7,,97,111
364,Courtney Sims,C,25,TOT,2,0,13,11.5,22.9,.500,0.0,0.0,,11.5,22.9,.500,0.0,0.0,,7.6,7.6,15.3,0.0,0.0,0.0,3.8,3.8,22.9,,95,114
365,Sean Singletary,PG,23,TOT,37,2,303,5.4,14.7,.365,1.7,4.3,.400,3.6,10.4,.350,3.1,3.6,.857,1.7,4.3,6.1,5.0,1.9,0.0,4.0,7.8,15.6,,93,110
366,James Singleton,PF,27,DAL,62,6,884,6.9,13.1,.529,0.8,2.4,.325,6.2,10.7,.575,4.0,4.6,.859,5.3,9.6,14.8,1.0,1.5,1.7,2.1,6.5,18.6,,122,106
367,Brian Skinner,PF,32,LAC,51,21,843,5.7,12.7,.449,0.0,0.1,.000,5.7,12.6,.453,1.9,2.9,.638,4.5,8.1,12.6,1.7,1.1,3.2,2.7,5.8,13.2,,95,110
368,Craig Smith,PF,25,MIN,74,31,1460,10.4,18.5,.562,0.0,0.0,.000,10.4,18.4,.563,6.0,8.9,.677,3.5,6.7,10.2,2.8,1.1,0.7,3.8,6.6,26.8,,112,112
369,J.R. Smith,SG,23,DEN,81,18,2245,9.6,21.5,.446,4.1,10.3,.397,5.5,11.3,.491,4.6,6.2,.754,1.0,5.8,6.7,5.1,1.8,0.3,3.4,4.3,28.0,,111,109
370,Joe Smith,C,33,TOT,57,3,1102,7.4,15.8,.468,0.1,0.3,.429,7.3,15.5,.469,2.8,3.9,.720,4.2,8.3,12.5,1.9,0.8,1.9,1.2,5.8,17.7,,112,107
371,Josh Smith,PF,23,ATL,69,69,2421,9.2,18.8,.492,0.6,1.9,.299,8.7,16.9,.514,4.7,7.9,.588,3.0,8.1,11.0,3.7,2.1,2.5,3.6,4.1,23.7,,103,104
372,Will Solomon,PG,30,TOT,53,9,712,7.7,17.9,.429,2.0,6.3,.326,5.6,11.6,.484,1.8,2.5,.735,0.9,3.8,4.7,9.7,2.0,0.3,3.9,5.2,19.2,,101,112
373,Darius Songaila,C,30,WAS,77,29,1521,8.4,15.9,.532,0.0,0.0,.000,8.4,15.8,.533,2.8,3.1,.889,2.6,5.3,7.9,3.3,2.2,0.7,2.6,6.9,19.6,,111,113
374,Marreese Speights,C,21,PHI,79,2,1263,10.6,21.2,.502,0.1,0.3,.250,10.6,20.9,.506,4.3,5.6,.773,5.2,7.2,12.4,1.3,1.1,2.4,1.9,7.6,25.7,,115,107
375,Jerry Stackhouse,SG,34,DAL,10,1,162,5.2,19.4,.267,1.0,6.2,.158,4.2,13.3,.317,2.3,2.3,1.000,1.6,3.9,5.5,3.9,1.3,0.3,2.9,1.9,13.6,,75,112
376,DeShawn Stevenson,SG,27,WAS,32,25,886,4.3,13.8,.312,2.1,7.7,.271,2.2,6.1,.363,1.9,3.6,.533,0.7,3.9,4.5,5.8,1.3,0.1,1.9,2.6,12.6,,93,117
377,Peja Stojaković,SF,31,NOH,61,59,2089,7.5,18.8,.399,3.8,10.0,.378,3.7,8.8,.424,2.4,2.7,.894,1.2,5.8,6.9,2.0,1.4,0.1,1.3,2.6,21.2,,108,109
378,Amar'e Stoudemire,PF,26,PHO,53,53,1948,10.4,19.2,.539,0.1,0.2,.429,10.3,19.1,.540,8.3,9.9,.835,3.0,8.1,11.0,2.7,1.3,1.5,3.9,4.2,29.1,,117,111
379,Rodney Stuckey,PG,22,DET,79,65,2517,8.8,20.1,.439,0.5,1.7,.295,8.3,18.4,.453,5.1,6.4,.803,1.5,4.5,6.0,8.5,1.7,0.2,3.8,4.8,23.3,,104,110
380,Robert Swift,C,23,OKC,26,10,343,5.5,10.6,.521,0.0,0.0,,5.5,10.6,.521,1.8,2.4,.750,3.1,10.2,13.3,1.3,0.7,2.5,1.2,7.5,12.9,,115,107
381,Stromile Swift,PF,29,TOT,19,0,185,6.6,15.5,.429,0.3,0.3,1.000,6.4,15.2,.418,3.6,7.2,.500,4.4,8.3,12.7,0.8,1.1,2.2,4.4,11.1,17.1,,87,110
382,Wally Szczerbiak,SF,31,CLE,74,5,1527,6.3,14.1,.450,2.4,6.0,.411,3.9,8.1,.478,3.2,3.8,.849,1.5,6.7,8.2,2.9,1.0,0.4,1.9,4.6,18.3,,116,105
383,Mike Taylor,PG,23,LAC,51,5,771,7.4,18.1,.412,0.9,2.7,.325,6.6,15.3,.427,3.8,5.5,.691,1.5,4.4,5.9,7.2,2.4,0.0,4.9,5.7,19.5,,91,112
384,Sebastian Telfair,PG,23,MIN,75,43,2095,6.7,17.4,.383,1.8,5.3,.346,4.9,12.2,.399,3.3,4.0,.819,0.8,2.4,3.2,8.6,1.8,0.3,3.7,4.6,18.5,,100,114
385,Jason Terry,SG,31,DAL,74,11,2491,11.4,24.6,.463,3.5,9.6,.366,7.9,15.0,.525,4.2,4.7,.880,0.8,2.9,3.7,5.3,2.0,0.4,2.5,3.0,30.5,,115,111
386,Etan Thomas,C,30,WAS,26,7,306,5.5,11.4,.485,0.0,0.0,,5.5,11.4,.485,2.8,4.0,.696,4.3,7.1,11.4,1.0,0.5,3.1,3.1,6.0,13.8,,99,113
387,Kenny Thomas,PF,31,SAC,8,0,62,2.5,6.6,.375,0.0,0.0,,2.5,6.6,.375,0.0,0.0,,3.3,9.0,12.3,0.8,4.9,0.8,0.8,7.4,4.9,,94,105
388,Kurt Thomas,PF,36,SAS,79,10,1404,5.9,11.8,.503,0.0,0.1,.000,5.9,11.7,.507,1.4,1.7,.822,5.2,10.5,15.7,2.6,1.3,2.2,1.6,6.6,13.3,,115,101
389,Tim Thomas,PF,31,TOT,64,6,1247,7.6,17.7,.432,3.2,7.6,.413,4.5,10.1,.446,3.6,4.9,.736,1.7,6.4,8.1,2.8,1.3,0.4,2.8,5.8,22.1,,106,111
390,Tyrus Thomas,PF,22,CHI,79,61,2175,7.3,16.2,.451,0.1,0.2,.333,7.2,16.0,.453,5.6,7.2,.783,3.5,8.5,12.0,1.8,2.2,3.6,3.1,5.2,20.3,,104,104
391,Jason Thompson,PF,22,SAC,82,56,2303,7.9,15.9,.497,0.0,0.2,.000,7.9,15.7,.502,4.4,6.3,.692,5.2,8.2,13.4,2.1,1.0,1.3,3.2,6.9,20.1,,106,114
392,Al Thornton,SF,25,LAC,71,67,2654,9.2,20.6,.446,0.4,1.6,.253,8.8,19.1,.462,4.6,6.1,.754,2.4,4.8,7.2,2.0,1.2,1.2,2.6,4.5,23.5,,100,114
393,Anthony Tolliver,PF,23,SAS,19,0,208,5.0,17.0,.292,2.3,10.7,.220,2.6,6.3,.417,1.3,2.6,.500,3.1,7.6,10.7,4.4,1.3,0.3,1.8,4.2,13.6,,89,105
394,Alando Tucker,SG,24,PHO,30,1,282,9.2,21.5,.430,1.4,4.1,.348,7.8,17.4,.449,4.6,5.9,.788,3.4,2.1,5.5,2.1,0.9,0.2,2.5,2.5,24.5,,106,117
395,Ronny Turiaf,C,26,GSW,79,26,1696,5.4,10.6,.508,0.0,0.1,.000,5.4,10.5,.512,2.8,3.6,.790,2.5,7.8,10.4,4.8,1.0,4.8,2.0,7.0,13.5,,116,110
396,Hedo Türkoğlu,SF,29,ORL,77,77,2815,7.8,18.9,.413,2.5,6.9,.356,5.3,12.0,.445,5.8,7.2,.807,0.8,6.7,7.6,6.9,1.2,0.4,3.8,4.0,23.9,,107,104
397,Ime Udoka,SF,31,SAS,67,3,1035,5.8,15.1,.383,2.2,6.6,.328,3.6,8.5,.426,1.5,2.4,.609,1.5,8.3,9.8,2.8,1.9,0.6,2.0,4.5,15.2,,95,103
398,Beno Udrih,PG,26,SAC,73,72,2270,7.2,15.6,.461,0.8,2.5,.310,6.4,13.1,.491,2.8,3.4,.820,1.0,3.9,4.9,7.7,1.8,0.3,3.5,4.3,18.0,,104,116
399,Roko Ukić,PG,24,TOR,72,0,890,7.2,19.0,.380,0.6,3.6,.177,6.6,15.4,.427,2.6,3.5,.733,1.6,2.8,4.4,9.0,1.8,0.1,3.5,4.5,17.6,,93,113
400,Anderson Varejão,PF,26,CLE,81,42,2306,6.3,11.8,.536,0.0,0.0,.000,6.3,11.8,.538,3.6,5.9,.616,3.9,9.7,13.6,1.9,1.8,1.5,1.9,5.6,16.3,,116,100
401,Jacque Vaughn,PG,33,SAS,30,0,292,4.5,13.9,.320,0.2,0.2,1.000,4.3,13.8,.311,3.0,3.3,.889,0.7,3.3,4.1,10.2,1.1,0.0,2.8,4.8,12.1,,93,108
402,Charlie Villanueva,PF,24,MIL,78,47,2095,12.1,27.0,.447,2.2,6.4,.345,9.9,20.6,.479,5.0,5.9,.838,3.8,9.1,12.9,3.4,1.2,1.4,3.4,6.3,31.3,,106,106
403,Jake Voskuhl,C,31,TOR,38,1,240,2.6,9.8,.267,0.0,0.0,,2.6,9.8,.267,2.4,3.0,.786,4.6,8.3,12.8,1.7,0.7,0.9,3.7,13.0,7.6,,75,111
404,Sasha Vujačić,SG,24,LAL,80,0,1293,6.1,15.8,.387,3.2,8.8,.363,2.9,7.0,.416,2.8,3.0,.921,0.7,4.6,5.3,4.4,3.0,0.3,1.4,6.1,18.1,,115,104
405,Dwyane Wade,SG,27,MIA,79,79,3048,15.0,30.5,.491,1.5,4.9,.317,13.4,25.6,.524,10.3,13.5,.765,1.6,5.4,7.0,10.3,3.0,1.9,4.8,3.1,41.8,,115,105
406,Von Wafer,SG,23,HOU,63,11,1225,9.9,22.2,.447,2.8,7.1,.390,7.2,15.1,.474,3.8,5.1,.752,0.8,4.1,4.9,3.1,1.7,0.3,2.6,3.1,26.5,,106,106
407,Henry Walker,SF,21,BOS,29,0,216,8.9,14.3,.621,0.0,0.2,.000,8.9,14.0,.632,3.9,5.7,.696,2.0,5.2,7.1,3.2,1.5,0.5,4.4,12.5,21.6,,108,104
408,Ben Wallace*,PF,34,CLE,56,53,1314,2.8,6.4,.445,0.0,0.0,,2.8,6.4,.445,1.1,2.6,.422,5.6,9.3,14.9,1.8,2.0,3.1,1.4,3.4,6.8,,111,98
409,Gerald Wallace,SF,26,CHA,71,71,2669,7.9,16.5,.480,0.8,2.7,.298,7.1,13.8,.515,7.4,9.2,.804,2.3,9.0,11.3,3.8,2.5,1.4,3.0,4.3,24.1,,115,102
410,Rasheed Wallace,C,34,DET,66,63,2123,7.9,18.8,.419,2.9,8.3,.354,4.9,10.5,.471,2.0,2.6,.772,1.5,11.3,12.8,2.4,1.6,2.2,1.5,5.1,20.7,,107,103
411,Luke Walton,SF,28,LAL,65,34,1166,5.8,13.4,.436,0.7,2.5,.298,5.1,10.9,.468,1.8,2.5,.719,2.4,5.5,7.9,7.7,1.4,0.4,3.0,4.6,14.2,,106,107
412,Hakim Warrick,PF,26,MEM,82,7,2029,8.9,18.2,.491,0.1,0.6,.217,8.8,17.6,.500,7.0,9.8,.711,3.4,7.3,10.7,1.7,1.3,1.0,2.6,4.5,25.0,,111,110
413,C.J. Watson,PG,24,GSW,77,18,1883,6.7,14.6,.457,1.2,3.1,.400,5.4,11.5,.473,4.4,5.0,.870,1.0,4.0,5.0,5.3,2.5,0.1,2.4,3.6,19.0,,114,114
414,Earl Watson,PG,29,OKC,68,18,1776,5.0,13.1,.384,0.6,2.5,.235,4.4,10.6,.418,2.3,3.1,.755,1.0,4.2,5.3,11.3,1.4,0.3,4.5,4.0,12.9,,93,112
415,Kyle Weaver,SG,22,OKC,56,19,1166,5.0,10.8,.459,1.4,4.1,.344,3.6,6.7,.529,1.8,2.6,.707,1.4,4.4,5.7,4.4,2.1,1.1,3.0,3.6,13.1,,101,110
416,Martell Webster,SF,22,POR,1,0,5,0.0,11.1,.000,0.0,11.1,.000,0.0,0.0,,0.0,0.0,,0.0,0.0,0.0,0.0,0.0,0.0,0.0,0.0,0.0,,0,117
417,Sonny Weems,SG,22,DEN,12,0,55,7.4,23.1,.320,0.0,2.8,.000,7.4,20.4,.364,2.8,7.4,.375,0.0,3.7,3.7,2.8,0.9,0.0,5.6,7.4,17.6,,62,112
418,David West,PF,28,NOH,76,76,2982,11.2,23.7,.472,0.1,0.5,.240,11.1,23.2,.477,6.7,7.6,.884,2.9,8.9,11.8,3.2,0.9,1.2,3.0,3.8,29.2,,109,107
419,Delonte West,SG,25,CLE,64,64,2152,7.2,15.7,.457,2.3,5.7,.399,4.9,10.0,.490,2.3,2.7,.833,0.8,4.3,5.1,5.7,2.4,0.3,2.3,3.1,18.9,,114,104
420,Mario West,SG,24,ATL,53,3,269,2.8,6.8,.412,0.2,0.2,1.000,2.6,6.6,.394,2.8,6.0,.467,4.8,6.4,11.1,3.8,3.6,0.8,2.6,7.0,8.6,,101,104
421,Russell Westbrook,PG,20,OKC,82,65,2668,8.4,21.0,.398,0.7,2.5,.271,7.7,18.6,.415,6.7,8.2,.815,3.4,4.2,7.7,8.4,2.1,0.3,5.3,3.7,24.1,,99,111
422,D.J. White,PF,22,OKC,7,0,130,10.3,19.7,.520,0.0,0.0,,10.3,19.7,.520,3.9,5.1,.769,3.9,8.7,12.6,2.4,1.2,2.0,1.2,3.9,24.5,,119,108
423,James White,SF,26,HOU,4,0,11,14.5,24.2,.600,4.8,9.7,.500,9.7,14.5,.667,0.0,0.0,,0.0,0.0,0.0,4.8,4.8,4.8,14.5,9.7,33.9,,80,97
424,Chris Wilcox,C,26,TOT,62,6,1049,8.9,17.9,.497,0.0,0.2,.000,8.9,17.7,.503,3.8,6.8,.564,4.6,8.8,13.4,2.3,1.3,0.8,3.6,6.6,21.6,,100,109
425,Damien Wilkins,SG,29,OKC,41,14,636,6.2,17.2,.362,2.2,5.8,.375,4.0,11.4,.355,3.0,3.7,.804,1.6,4.0,5.6,3.0,1.8,0.6,3.0,4.4,17.6,,94,111
426,Deron Williams,PG,24,UTA,68,68,2505,9.5,20.2,.471,1.4,4.6,.310,8.1,15.6,.518,6.7,7.9,.849,0.5,3.5,4.0,14.9,1.5,0.4,4.7,2.8,27.2,,116,111
427,Jawad Williams,SF,25,CLE,10,0,20,13.5,32.5,.417,5.4,16.2,.333,8.1,16.2,.500,0.0,0.0,,2.7,2.7,5.4,0.0,2.7,0.0,2.7,5.4,32.5,,96,104
428,Lou Williams,SG,22,PHI,81,0,1919,9.3,23.5,.398,1.8,6.1,.286,7.6,17.4,.438,8.5,10.7,.790,1.0,3.6,4.6,6.7,2.4,0.4,4.2,3.6,28.9,,105,109
429,Marcus Williams,PG,23,GSW,9,0,54,3.6,15.4,.235,1.8,5.4,.333,1.8,10.0,.182,1.8,5.4,.333,0.0,3.6,3.6,11.8,0.9,0.9,3.6,5.4,10.9,,78,117
430,Marcus Williams,PF,22,SAS,2,0,3,36.2,36.2,1.000,0.0,0.0,,36.2,36.2,1.000,0.0,0.0,,0.0,0.0,0.0,0.0,0.0,0.0,0.0,18.1,72.4,,200,112
431,Marvin Williams,SF,22,ATL,61,59,2093,7.3,15.9,.458,1.4,4.0,.355,5.9,11.9,.493,5.6,7.0,.806,2.8,7.0,9.8,2.1,1.5,1.0,1.8,3.2,21.6,,117,108
432,Mo Williams,PG,26,CLE,81,81,2834,10.0,21.5,.467,3.5,8.0,.436,6.5,13.5,.486,4.0,4.4,.912,0.9,4.4,5.3,6.3,1.3,0.2,3.4,4.1,27.5,,115,106
433,Sean Williams,PF,22,NJN,33,0,366,4.4,10.5,.417,0.0,0.0,,4.4,10.5,.417,2.9,4.7,.625,5.0,6.6,11.5,1.9,1.0,4.2,2.9,10.5,11.7,,96,108
434,Shawne Williams,SF,22,DAL,15,0,170,4.9,17.3,.286,0.3,5.2,.059,4.6,12.0,.385,2.8,3.4,.818,5.9,8.3,14.2,0.6,0.6,2.8,1.5,5.9,13.0,,87,108
435,Shelden Williams,PF,25,TOT,45,0,512,7.0,15.8,.446,0.0,0.2,.000,7.0,15.6,.452,4.6,6.3,.730,4.9,10.5,15.4,1.2,2.2,1.8,3.4,6.4,18.7,,99,108
436,Metta World Peace,SF,29,HOU,69,55,2452,9.0,22.5,.401,3.3,8.3,.399,5.7,14.2,.402,4.3,5.7,.748,1.4,6.4,7.8,5.0,2.3,0.5,3.0,3.4,25.6,,104,103
437,Antoine Wright,SF,24,DAL,65,53,1552,6.1,14.6,.415,1.5,5.0,.302,4.5,9.5,.475,2.4,3.2,.747,1.0,3.6,4.6,2.6,1.6,0.9,1.8,5.8,16.0,,102,111
438,Brandan Wright,PF,21,GSW,39,23,688,9.2,17.5,.528,0.0,0.3,.000,9.2,17.2,.537,4.5,6.0,.741,4.4,6.8,11.2,1.5,1.6,2.6,1.6,5.3,23.0,,118,112
439,Dorell Wright,SF,23,MIA,6,0,73,5.9,14.6,.400,0.0,0.0,,5.9,14.6,.400,1.5,4.4,.333,1.5,13.2,14.6,1.5,1.5,0.0,4.4,5.9,13.2,,70,105
440,Julian Wright,SF,21,NOH,54,19,772,7.7,16.6,.466,0.1,1.5,.095,7.6,15.1,.502,1.2,2.1,.567,3.3,7.5,10.8,3.0,2.5,1.3,3.0,3.5,16.8,,95,104
441,Lorenzen Wright,C,33,CLE,17,2,125,4.3,11.7,.370,0.0,0.0,,4.3,11.7,.370,1.3,3.5,.375,3.0,7.8,10.8,1.3,1.7,2.2,3.9,7.4,10.0,,73,101
442,Nick Young,SG,23,WAS,82,5,1837,9.6,21.7,.444,1.6,4.7,.341,8.0,17.0,.473,4.7,5.5,.850,0.9,3.4,4.3,2.7,1.1,0.6,2.6,4.0,25.6,,105,117
443,Thaddeus Young,PF,20,PHI,75,71,2580,9.8,19.9,.495,1.2,3.4,.341,8.7,16.5,.526,2.9,3.9,.735,2.9,4.9,7.8,1.8,2.1,0.5,2.4,3.4,23.7,,110,109
444,Sun Yue,SG,23,LAL,10,0,28,5.5,20.0,.273,0.0,10.9,.000,5.5,9.1,.600,0.0,0.0,,0.0,0.0,0.0,3.6,1.8,1.8,5.5,18.2,10.9,,53,108
