,player,pos,age,team_id,g,gs,mp,fg_per_mp,fga_per_mp,fg_pct,fg3_per_mp,fg3a_per_mp,fg3_pct,fg2_per_mp,fg2a_per_mp,fg2_pct,ft_per_mp,fta_per_mp,ft_pct,orb_per_mp,drb_per_mp,trb_per_mp,ast_per_mp,stl_per_mp,blk_per_mp,tov_per_mp,pf_per_mp,pts_per_mp
0,Steven Adams,C,26,OKC,63,63,1680,6.1,10.2,.592,0.0,0.1,.333,6.0,10.2,.594,2.5,4.3,.582,4.4,8.1,12.5,3.1,1.1,1.4,2.0,2.6,14.7
1,Bam Adebayo,PF,22,MIA,72,72,2417,6.6,11.8,.557,0.0,0.2,.143,6.5,11.6,.564,3.9,5.7,.691,2.6,8.3,10.9,5.5,1.2,1.4,3.0,2.7,17.1
2,LaMarcus Aldridge,C,34,SAS,53,53,1754,8.0,16.3,.493,1.3,3.2,.389,6.8,13.1,.519,3.2,3.9,.827,2.1,5.9,8.0,2.6,0.7,1.8,1.5,2.6,20.5
3,Kyle Alexander,C,23,MIA,2,0,13,2.8,5.5,.500,0.0,0.0,,2.8,5.5,.500,0.0,0.0,,5.5,2.8,8.3,0.0,0.0,0.0,2.8,2.8,5.5
4,Nickeil Alexander-Walker,SG,21,NOP,47,1,591,6.0,16.2,.368,2.8,8.1,.346,3.2,8.1,.391,1.5,2.3,.676,0.5,4.6,5.1,5.4,1.0,0.5,3.3,3.5,16.3
5,Grayson Allen,SG,24,MEM,38,0,718,5.9,12.6,.466,2.9,7.1,.404,3.0,5.5,.545,2.0,2.3,.867,0.4,3.9,4.3,2.6,0.5,0.1,1.7,2.7,16.5
6,Jarrett Allen,C,21,BRK,70,64,1852,5.9,9.0,.649,0.0,0.1,.000,5.9,8.9,.658,3.3,5.2,.633,4.2,8.8,13.0,2.1,0.8,1.8,1.5,3.1,15.1
7,Kadeem Allen,PG,27,NYK,10,0,117,5.8,13.5,.432,1.5,4.9,.313,4.3,8.6,.500,2.2,3.4,.636,0.6,2.2,2.8,6.5,1.5,0.6,2.5,2.2,15.4
8,Al-Farouq Aminu,PF,29,ORL,18,2,380,2.4,8.1,.291,0.9,3.4,.250,1.5,4.7,.320,1.8,2.7,.655,2.3,6.0,8.2,2.0,1.7,0.8,1.6,2.6,7.4
9,Justin Anderson,SG,26,BRK,10,1,107,3.4,12.8,.263,2.0,9.8,.207,1.3,3.0,.444,0.7,1.3,.500,0.3,6.7,7.1,2.7,0.0,2.0,1.3,4.4,9.4
10,Kyle Anderson,SF,26,MEM,67,28,1330,4.2,9.0,.474,0.6,2.3,.282,3.6,6.7,.541,1.4,2.1,.667,1.6,6.1,7.7,4.4,1.5,1.0,1.8,3.0,10.6
11,Ryan Anderson,C,31,HOU,2,0,14,5.1,18.0,.286,2.6,12.9,.200,2.6,5.1,.500,0.0,0.0,,0.0,18.0,18.0,5.1,2.6,0.0,2.6,2.6,12.9
12,Giannis Antetokounmpo,PF,25,MIL,63,63,1917,12.9,23.2,.553,1.7,5.5,.304,11.2,17.7,.631,7.5,11.8,.633,2.6,13.4,16.1,6.6,1.1,1.2,4.3,3.7,34.9
13,Kostas Antetokounmpo,PF,22,LAL,5,0,20,5.4,5.4,1.000,0.0,0.0,,5.4,5.4,1.000,1.8,3.6,.500,3.6,1.8,5.4,3.6,0.0,0.0,1.8,3.6,12.6
14,Thanasis Antetokounmpo,SF,27,MIL,20,2,129,6.7,13.4,.500,0.0,2.8,.000,6.7,10.6,.632,2.0,4.7,.412,3.3,3.3,6.7,4.2,2.0,0.6,3.3,5.0,15.3
15,Carmelo Anthony,PF,35,POR,58,58,1902,6.4,14.8,.430,1.6,4.3,.385,4.7,10.5,.448,2.6,3.0,.845,1.3,5.6,7.0,1.6,0.9,0.5,1.9,3.2,16.9
16,OG Anunoby,SF,22,TOR,69,68,2066,5.0,9.9,.505,1.6,4.0,.390,3.4,5.9,.583,1.3,1.8,.706,1.4,4.9,6.3,1.9,1.7,0.8,1.4,2.9,12.8
17,Ryan Arcidiacono,PG,25,CHI,58,4,930,3.5,8.5,.409,2.1,5.3,.391,1.4,3.2,.439,1.0,1.5,.711,0.8,3.5,4.3,3.7,1.0,0.1,1.4,3.7,10.1
18,Trevor Ariza,SF,34,TOT,53,21,1493,3.4,7.8,.438,1.9,5.0,.372,1.6,2.8,.556,1.5,1.8,.838,0.8,5.1,5.9,2.2,1.7,0.4,1.4,2.7,10.2
19,D.J. Augustin,PG,32,ORL,57,13,1420,4.7,11.7,.399,1.8,5.1,.348,2.9,6.6,.438,4.1,4.6,.890,0.6,2.5,3.1,6.6,0.9,0.0,2.2,1.8,15.2
20,Deandre Ayton,C,21,PHO,38,32,1236,9.0,16.5,.546,0.1,0.4,.231,8.9,16.2,.553,2.0,2.6,.753,4.3,8.4,12.7,2.1,0.8,1.7,2.3,3.4,20.1
21,Dwayne Bacon,SG,24,CHO,39,11,687,4.5,12.8,.348,1.0,3.5,.284,3.5,9.3,.373,1.8,2.8,.660,0.8,4.5,5.2,2.7,1.2,0.1,1.9,2.7,11.7
22,Marvin Bagley III,C,20,SAC,13,6,334,8.4,18.0,.467,0.4,2.4,.182,8.0,15.6,.510,2.7,3.3,.806,3.1,7.3,10.5,1.1,0.6,1.3,1.9,4.6,19.9
23,Lonzo Ball,PG,22,NOP,63,54,2025,4.9,12.2,.403,2.6,7.0,.375,2.3,5.2,.442,0.8,1.4,.566,1.3,5.5,6.8,7.8,1.6,0.7,3.4,2.3,13.2
24,Mo Bamba,C,21,ORL,62,0,878,5.4,11.7,.462,1.5,4.4,.346,3.9,7.3,.531,1.3,1.9,.674,4.1,8.3,12.4,1.7,0.9,3.5,1.7,4.8,13.6
25,J.J. Barea,PG,35,DAL,29,6,450,6.8,16.6,.411,2.6,6.8,.376,4.2,9.8,.434,1.6,1.8,.909,0.8,3.4,4.2,9.0,0.4,0.2,3.0,2.2,17.8
26,Harrison Barnes,PF,27,SAC,72,72,2482,5.3,11.5,.460,1.5,3.9,.381,3.8,7.6,.501,3.1,3.9,.801,1.1,4.0,5.1,2.3,0.6,0.2,1.3,1.3,15.2
27,RJ Barrett,SG,19,NYK,56,55,1704,6.2,15.4,.402,1.3,4.2,.320,4.8,11.2,.432,3.3,5.4,.614,1.1,4.8,5.9,3.0,1.2,0.4,2.6,2.6,17.0
28,Will Barton,SF,29,DEN,58,58,1916,6.2,13.9,.450,2.0,5.4,.375,4.2,8.5,.498,1.9,2.5,.767,1.4,5.4,6.9,4.0,1.1,0.5,1.7,2.3,16.4
29,Keita Bates-Diop,PF-SF,24,TOT,44,0,744,4.8,11.3,.427,1.6,5.0,.330,3.2,6.3,.504,2.6,3.6,.720,1.2,4.9,6.1,1.5,0.9,1.2,0.8,2.1,13.9
30,Nicolas Batum,SF,31,CHO,22,3,505,2.0,5.8,.346,1.0,3.5,.286,1.0,2.3,.438,0.6,0.7,.900,1.8,5.3,7.1,4.7,1.2,0.6,1.6,2.9,5.6
31,Aron Baynes,C,33,PHO,42,28,934,7.1,14.7,.480,2.3,6.5,.351,4.8,8.2,.582,2.2,2.9,.747,2.7,6.4,9.1,2.6,0.4,0.9,1.9,5.4,18.5
32,Kent Bazemore,SF,30,TOT,68,21,1688,4.3,11.4,.375,1.8,5.2,.344,2.5,6.2,.400,2.4,3.1,.769,0.6,5.7,6.3,2.0,1.6,0.9,1.9,4.2,12.7
33,Darius Bazley,PF,19,OKC,61,9,1130,4.0,10.1,.394,1.6,4.5,.348,2.4,5.6,.432,1.4,2.0,.694,1.0,6.9,7.8,1.3,0.7,1.3,1.4,1.8,10.9
34,Bradley Beal,SG,26,WAS,57,57,2053,10.4,22.8,.455,3.0,8.4,.353,7.4,14.4,.515,6.8,8.0,.842,0.9,3.3,4.2,6.1,1.2,0.4,3.4,2.2,30.5
35,Malik Beasley,SG,23,TOT,55,14,1209,6.8,15.9,.425,3.2,8.2,.388,3.6,7.7,.465,1.6,2.0,.818,0.5,3.9,4.4,2.2,1.2,0.2,1.7,2.3,18.3
36,Marco Belinelli,SG,33,SAS,57,0,883,5.0,12.8,.392,2.7,7.3,.376,2.3,5.5,.412,2.0,2.4,.828,0.3,3.8,4.0,2.8,0.5,0.0,0.8,1.8,14.7
37,Jordan Bell,C,25,TOT,29,0,256,4.9,9.4,.522,0.6,1.7,.333,4.4,7.7,.564,2.7,4.4,.613,4.2,7.2,11.4,2.3,0.4,1.4,3.0,2.7,13.1
38,DeAndre' Bembry,SG,25,ATL,43,4,915,4.1,9.0,.456,0.6,2.6,.231,3.5,6.4,.546,1.0,1.9,.542,1.3,4.6,6.0,3.2,2.2,0.7,2.4,3.3,9.8
39,Dragan Bender,PF-C,22,TOT,16,3,286,5.2,11.6,.446,1.9,5.4,.349,3.3,6.2,.531,1.3,1.8,.714,2.0,7.2,9.2,3.5,0.5,1.1,2.6,5.3,13.5
40,Dāvis Bertāns,PF,27,WAS,54,4,1583,6.0,13.9,.434,4.5,10.7,.424,1.5,3.1,.471,2.4,2.8,.852,0.8,4.8,5.6,2.1,0.8,0.8,1.3,3.2,19.0
41,Patrick Beverley,PG,31,LAC,51,50,1342,3.9,9.1,.431,2.1,5.5,.388,1.8,3.6,.496,0.8,1.3,.660,1.5,5.6,7.1,4.9,1.4,0.7,1.8,4.2,10.9
42,Khem Birch,C,27,ORL,48,24,922,2.9,5.6,.510,0.0,0.0,.000,2.9,5.5,.514,2.6,3.9,.653,3.6,5.0,8.6,2.0,0.8,0.9,1.2,3.6,8.3
43,Goga Bitadze,C,20,IND,54,2,471,5.4,11.5,.467,0.6,3.2,.190,4.7,8.3,.574,1.8,2.5,.727,1.9,6.2,8.1,1.8,0.8,2.8,2.1,5.0,13.1
44,Bismack Biyombo,C,27,CHO,53,29,1029,5.3,9.7,.543,0.0,0.0,,5.3,9.7,.543,3.2,5.3,.603,4.2,6.6,10.8,1.7,0.3,1.7,1.7,4.1,13.7
45,Nemanja Bjelica,PF,31,SAC,72,67,2011,5.6,11.7,.481,2.4,5.7,.419,3.2,6.0,.541,1.2,1.5,.821,2.0,6.2,8.2,3.6,1.1,0.7,1.8,3.9,14.9
46,Eric Bledsoe,PG,30,MIL,61,61,1646,7.3,15.4,.475,1.6,4.7,.344,5.7,10.7,.533,3.7,4.7,.790,0.9,5.2,6.2,7.2,1.2,0.6,3.2,2.8,19.9
47,Bogdan Bogdanović,SG,27,SAC,61,28,1766,6.9,15.6,.440,3.3,9.0,.372,3.5,6.6,.532,1.8,2.4,.741,0.5,3.7,4.2,4.2,1.3,0.3,2.1,2.7,18.8
48,Bojan Bogdanović,SF,30,UTA,63,63,2083,7.2,16.2,.447,3.3,7.9,.414,4.0,8.3,.479,4.3,4.8,.903,0.7,3.8,4.5,2.3,0.6,0.1,2.7,1.9,22.0
49,Bol Bol,PF,20,DEN,7,0,87,5.8,11.6,.500,1.7,3.7,.444,4.1,7.9,.526,3.3,4.1,.800,2.1,5.8,7.9,2.5,0.8,2.5,4.1,4.6,16.6
50,Jonah Bolden,C,24,TOT,7,0,47,3.1,8.4,.364,0.0,3.1,.000,3.1,5.4,.571,1.5,3.1,.500,2.3,4.6,6.9,0.0,2.3,1.5,1.5,7.7,7.7
51,Marques Bolden,C,21,CLE,1,0,3,0.0,0.0,,0.0,0.0,,0.0,0.0,,0.0,0.0,,0.0,24.0,24.0,0.0,12.0,0.0,0.0,12.0,0.0
52,Jordan Bone,PG,22,DET,10,0,53,3.4,13.6,.250,1.4,6.8,.200,2.0,6.8,.300,0.0,0.0,,0.0,2.7,2.7,5.4,0.7,0.0,1.4,4.1,8.2
53,Isaac Bonga,SF,20,WAS,66,49,1250,3.4,6.7,.504,0.7,2.0,.352,2.7,4.7,.571,2.0,2.4,.812,2.0,4.3,6.4,2.2,1.3,0.6,1.7,4.5,9.5
54,Devin Booker,SG,23,PHO,70,70,2512,9.0,18.4,.489,2.0,5.7,.354,7.0,12.7,.549,6.7,7.3,.919,0.4,3.8,4.3,6.5,0.7,0.3,3.8,3.1,26.7
55,Chris Boucher,C,27,TOR,62,0,819,6.2,13.1,.472,1.7,5.2,.322,4.5,8.0,.569,4.0,5.1,.784,4.7,7.5,12.2,1.1,1.0,2.7,1.2,5.0,18.1
56,Brian Bowen,SF,21,IND,6,1,31,3.5,11.6,.300,0.0,2.3,.000,3.5,9.3,.375,0.0,0.0,,1.2,7.0,8.1,0.0,0.0,1.2,1.2,3.5,7.0
57,Ky Bowman,PG,22,GSW,45,12,1015,4.8,11.4,.417,1.2,3.8,.308,3.6,7.6,.472,1.2,1.5,.829,0.9,3.4,4.3,4.6,1.6,0.4,2.5,3.6,11.9
58,Avery Bradley,SG,29,LAL,49,44,1186,5.2,11.6,.444,1.9,5.3,.364,3.2,6.4,.510,0.6,0.7,.833,0.5,2.9,3.5,1.9,1.3,0.2,1.4,3.3,12.8
59,Tony Bradley,C,22,UTA,58,3,663,6.8,10.3,.667,0.2,0.2,1.000,6.7,10.1,.661,1.6,2.5,.652,6.0,8.5,14.5,1.2,0.8,1.8,1.6,6.2,15.5
60,Jarrell Brantley,PF,23,UTA,9,0,96,3.7,10.5,.357,1.1,4.9,.231,2.6,5.6,.467,0.4,0.7,.500,0.7,6.8,7.5,4.1,1.1,1.9,2.6,2.6,9.0
61,Ignas Brazdeikis,SF,21,NYK,9,0,53,4.1,14.9,.273,0.7,6.1,.111,3.4,8.8,.385,2.7,3.4,.800,1.4,2.0,3.4,2.7,0.0,0.7,1.4,2.0,11.5
62,Corey Brewer,PF,33,SAC,5,0,33,2.2,4.4,.500,0.0,1.1,.000,2.2,3.3,.667,1.1,3.3,.333,2.2,6.5,8.7,2.2,4.4,0.0,2.2,7.6,5.5
63,Mikal Bridges,SF,23,PHO,73,32,2042,4.4,8.5,.510,1.2,3.4,.361,3.1,5.1,.610,1.8,2.2,.844,1.2,4.0,5.1,2.3,1.8,0.8,1.3,2.9,11.8
64,Miles Bridges,SF,21,CHO,65,64,1995,5.8,13.6,.424,1.8,5.4,.330,4.0,8.2,.486,1.9,2.4,.809,1.6,4.9,6.5,2.1,0.7,0.9,1.7,2.4,15.2
65,Oshae Brissett,SF,21,TOR,19,0,135,3.5,9.6,.361,0.8,4.0,.200,2.7,5.6,.476,2.1,2.7,.800,2.4,4.5,6.9,1.9,1.1,0.3,1.9,4.8,9.9
66,Ryan Broekhoff,SF,29,DAL,17,1,180,4.4,11.8,.373,4.0,10.2,.392,0.4,1.6,.250,1.4,1.6,.875,1.0,7.6,8.6,2.2,1.0,0.8,1.2,3.0,14.2
67,Malcolm Brogdon,PG,27,IND,54,54,1666,7.0,16.1,.438,1.6,5.0,.326,5.4,11.1,.488,3.6,4.0,.892,1.0,4.7,5.7,8.2,0.8,0.2,2.8,2.1,19.3
68,Dillon Brooks,SG,24,MEM,73,73,2112,7.4,18.2,.407,2.5,7.0,.358,4.9,11.2,.438,2.8,3.5,.808,1.2,3.0,4.1,2.6,1.1,0.5,2.1,4.7,20.1
69,Bruce Brown,PG,23,DET,58,43,1634,4.4,9.8,.443,0.7,2.1,.344,3.6,7.7,.470,1.9,2.6,.739,1.3,4.7,6.0,5.1,1.4,0.6,2.2,3.6,11.4
70,Charlie Brown,SG,22,ATL,10,0,40,5.4,17.1,.316,2.7,8.1,.333,2.7,9.0,.300,4.5,4.5,1.000,1.8,1.8,3.6,1.8,1.8,1.8,2.7,2.7,18.0
71,Jaylen Brown,SG,23,BOS,57,57,1934,7.9,16.5,.481,2.4,6.3,.382,5.5,10.2,.543,3.3,4.5,.724,1.2,5.6,6.8,2.2,1.2,0.4,2.3,3.1,21.6
72,Moses Brown,C,20,POR,9,0,33,4.4,10.9,.400,0.0,0.0,,4.4,10.9,.400,3.3,8.7,.375,3.3,12.0,15.3,1.1,1.1,1.1,3.3,7.6,12.0
73,Sterling Brown,SF,24,MIL,52,1,767,4.5,12.0,.371,2.1,6.4,.324,2.4,5.6,.425,1.5,1.9,.800,1.5,7.1,8.6,2.4,1.4,0.3,2.0,2.5,12.5
74,Troy Brown Jr.,SF,20,WAS,69,22,1782,5.5,12.6,.439,1.2,3.6,.341,4.3,8.9,.479,2.2,2.8,.784,1.5,6.2,7.7,3.6,1.7,0.1,1.6,2.7,14.5
75,Jalen Brunson,PG,23,DAL,57,16,1022,6.4,13.7,.466,1.5,4.2,.358,4.9,9.4,.515,2.1,2.6,.813,0.8,3.9,4.7,6.6,0.8,0.1,2.3,2.6,16.4
76,Thomas Bryant,C,22,WAS,46,36,1147,7.6,13.1,.581,1.2,2.9,.407,6.5,10.3,.630,2.7,3.6,.741,3.1,7.3,10.4,2.6,0.8,1.5,1.7,3.2,19.1
77,Reggie Bullock,SG,28,NYK,29,19,684,4.7,11.8,.402,1.9,5.8,.333,2.8,5.9,.469,0.9,1.1,.810,0.7,2.9,3.6,2.2,1.3,0.2,1.0,2.9,12.3
78,Trey Burke,PG,27,TOT,33,1,520,6.5,14.5,.450,2.2,5.2,.427,4.3,9.3,.463,1.6,2.0,.793,1.1,2.4,3.5,5.7,1.1,0.1,1.5,2.3,16.8
79,Alec Burks,SF-SG,28,TOT,66,19,1754,6.6,15.8,.418,2.4,6.2,.385,4.2,9.6,.439,4.8,5.4,.887,1.0,4.8,5.8,3.9,1.3,0.3,1.9,2.6,20.4
80,Deonte Burton,SF,26,OKC,39,0,356,4.3,12.6,.344,1.0,5.4,.189,3.3,7.3,.458,0.8,1.4,.571,0.7,5.1,5.8,1.7,0.7,1.0,1.9,3.4,10.5
81,Jimmy Butler,SF,30,MIA,58,58,1959,6.3,13.9,.455,0.5,2.2,.244,5.8,11.7,.495,8.0,9.6,.834,1.9,5.1,7.1,6.4,1.9,0.6,2.3,1.5,21.3
82,Bruno Caboclo,C,24,TOT,30,0,244,5.6,13.1,.427,0.9,4.9,.182,4.7,8.3,.571,1.2,1.3,.889,3.4,5.5,8.9,1.8,2.2,2.5,1.9,4.6,13.3
83,Devontae Cacok,C,23,LAL,1,0,9,12.0,24.0,.500,0.0,0.0,,12.0,24.0,.500,0.0,0.0,,8.0,12.0,20.0,4.0,0.0,0.0,0.0,0.0,24.0
84,Kentavious Caldwell-Pope,SG,26,LAL,69,26,1762,4.8,10.4,.467,1.9,4.9,.385,3.0,5.5,.541,1.6,2.1,.775,0.8,2.1,2.9,2.3,1.2,0.3,1.3,2.6,13.2
85,Vlatko Čančar,PF,22,DEN,14,0,45,4.8,12.0,.400,0.8,4.8,.167,4.0,7.2,.556,3.2,3.2,1.000,4.0,4.0,8.0,2.4,0.8,0.8,2.4,5.6,13.6
86,Clint Capela,C,25,HOU,39,39,1279,6.9,10.9,.629,0.0,0.0,,6.9,10.9,.629,1.5,2.9,.529,4.7,10.4,15.1,1.4,0.9,2.0,1.8,2.9,15.3
87,DeMarre Carroll,SF-C,33,TOT,24,0,290,3.1,8.2,.379,1.0,4.1,.242,2.1,4.1,.515,3.6,5.2,.690,1.5,5.3,6.8,3.1,1.0,0.6,2.1,4.0,10.8
88,Jevon Carter,PG,24,PHO,58,2,945,3.8,9.3,.416,2.4,5.6,.425,1.5,3.7,.402,0.9,1.0,.852,1.1,3.4,4.5,3.2,1.8,0.6,1.2,3.3,10.9
89,Vince Carter,PF,43,ATL,60,0,876,4.4,12.5,.352,2.5,8.3,.302,1.9,4.2,.451,0.9,1.2,.793,0.7,4.4,5.1,2.0,0.9,1.0,1.4,3.7,12.2
90,Wendell Carter Jr.,C,20,CHI,43,43,1256,5.2,9.8,.534,0.2,0.8,.207,5.1,9.0,.564,3.2,4.4,.737,4.0,7.6,11.6,1.5,0.9,1.0,2.1,4.6,13.9
91,Michael Carter-Williams,SG,28,ORL,45,0,833,4.8,11.2,.427,1.0,3.2,.293,3.8,8.0,.481,3.4,4.1,.832,2.0,4.4,6.4,4.7,2.1,1.0,2.2,3.8,14.0
92,Alex Caruso,PG,25,LAL,64,2,1175,3.7,8.9,.412,1.2,3.7,.333,2.5,5.2,.468,2.1,2.9,.734,0.5,3.2,3.8,3.8,2.1,0.6,1.6,3.0,10.7
93,Willie Cauley-Stein,C,26,TOT,54,39,1097,5.7,9.9,.579,0.0,0.0,.000,5.7,9.9,.581,1.3,2.2,.606,2.8,7.6,10.3,2.3,1.6,2.0,1.3,4.0,12.8
94,Tyson Chandler,C,37,HOU,26,5,219,2.3,3.0,.778,0.0,0.0,,2.3,3.0,.778,1.0,2.1,.462,4.1,6.7,10.8,1.0,1.0,1.3,1.3,5.3,5.6
95,Wilson Chandler,PF,32,BRK,35,3,734,3.6,9.0,.404,1.8,5.9,.306,1.8,3.0,.597,1.0,1.1,.870,0.5,6.6,7.1,1.9,0.8,0.6,1.7,3.9,10.1
96,Joe Chealey,PG,24,CHO,4,0,33,0.0,7.6,.000,0.0,4.4,.000,0.0,3.3,.000,2.2,2.2,1.000,0.0,0.0,0.0,1.1,4.4,0.0,2.2,2.2,2.2
97,Zylan Cheatham,PF,24,NOP,4,0,51,4.2,6.4,.667,0.0,0.7,.000,4.2,5.6,.750,0.0,0.0,,2.1,4.2,6.4,2.1,0.7,0.7,2.8,7.1,8.5
98,Chris Chiozza,PG,24,TOT,28,2,401,4.9,12.6,.393,2.4,6.5,.375,2.5,6.1,.412,0.4,0.4,1.000,0.8,4.0,4.8,7.5,1.9,0.4,2.9,3.3,12.7
99,Marquese Chriss,PF,22,GSW,59,21,1196,6.3,11.6,.545,0.2,1.2,.205,6.1,10.4,.584,3.6,4.7,.769,3.4,7.6,11.0,3.4,1.2,1.9,2.3,3.7,16.5
100,Gary Clark,SF-PF,25,TOT,42,5,567,3.4,8.4,.406,2.5,7.0,.351,1.0,1.4,.682,0.6,0.6,.900,2.3,4.6,7.0,1.1,0.4,1.4,0.6,2.9,9.9
101,Brandon Clarke,PF,23,MEM,58,4,1300,8.2,13.3,.618,0.6,1.8,.359,7.6,11.5,.658,2.4,3.1,.759,2.5,7.0,9.6,2.2,0.9,1.3,1.5,2.8,19.4
102,Jordan Clarkson,SG,27,TOT,71,2,1705,8.3,18.3,.454,3.2,8.7,.368,5.1,9.6,.533,2.9,3.5,.836,1.1,2.9,3.9,2.9,1.0,0.3,2.0,2.3,22.8
103,Nicolas Claxton,C,20,BRK,15,0,187,5.2,9.2,.563,0.2,1.3,.143,5.0,7.9,.634,2.1,4.0,.524,3.7,4.8,8.5,3.1,0.2,1.5,1.7,2.7,12.7
104,Chris Clemons,SG,22,HOU,33,0,291,7.1,17.6,.401,4.6,13.2,.346,2.5,4.3,.571,1.2,1.4,.909,0.5,3.2,3.7,3.3,1.1,0.7,2.4,3.2,19.9
105,Antonius Cleveland,SG,25,DAL,11,0,46,3.1,11.0,.286,0.0,2.3,.000,3.1,8.6,.364,2.3,3.9,.600,1.6,3.9,5.5,0.8,0.8,2.3,1.6,6.3,8.6
106,Amir Coffey,SG,22,LAC,18,1,159,5.2,12.2,.426,1.4,4.3,.316,3.8,7.9,.486,1.4,2.5,.545,0.9,2.7,3.6,3.2,1.1,0.5,1.8,4.5,13.1
107,John Collins,PF,22,ATL,41,41,1363,9.3,16.0,.583,1.6,3.9,.401,7.8,12.1,.642,3.2,4.0,.800,3.1,7.9,11.0,1.6,0.8,1.7,2.0,3.6,23.4
108,Zach Collins,PF,22,POR,11,11,290,4.0,8.4,.471,0.9,2.4,.368,3.1,6.1,.510,0.7,1.0,.750,3.1,5.5,8.6,2.0,0.6,0.6,1.7,4.5,9.6
109,Mike Conley,PG,32,UTA,47,41,1363,6.1,15.0,.409,2.5,6.8,.375,3.6,8.2,.437,3.0,3.7,.827,0.9,3.1,4.0,5.5,1.0,0.1,2.4,2.7,17.8
110,Pat Connaughton,SG,27,MIL,67,4,1243,4.0,8.7,.455,1.6,4.8,.331,2.4,3.9,.607,0.9,1.2,.775,1.7,6.5,8.2,3.1,0.7,0.9,1.5,2.0,10.4
111,Quinn Cook,PG,26,LAL,44,1,508,6.4,15.2,.425,2.2,6.0,.365,4.3,9.1,.465,0.8,1.0,.786,0.8,2.8,3.6,3.5,0.9,0.1,2.3,1.9,15.9
112,Tyler Cook,PF-SF,22,TOT,13,0,54,5.3,8.0,.667,0.0,0.0,,5.3,8.0,.667,4.7,5.3,.875,4.0,5.3,9.3,0.7,2.0,0.0,2.0,3.3,15.3
113,Robert Covington,PF-C,29,TOT,70,68,2137,5.1,12.2,.422,2.7,8.1,.335,2.4,4.1,.593,1.7,2.1,.798,1.1,6.7,7.8,1.5,1.9,1.6,1.7,3.7,14.7
114,Allen Crabbe,SG-SF,27,TOT,37,1,653,3.5,9.8,.356,2.0,6.6,.303,1.5,3.2,.466,0.6,0.8,.714,0.6,3.6,4.2,1.8,0.8,0.2,0.9,2.6,9.5
115,Torrey Craig,SF,29,DEN,58,27,1072,4.2,9.0,.461,1.5,4.6,.326,2.7,4.4,.603,0.7,1.2,.611,2.1,4.2,6.3,1.6,0.8,1.2,0.8,4.5,10.6
116,Jamal Crawford,SG,39,BRK,1,0,6,12.0,24.0,.500,6.0,12.0,.500,6.0,12.0,.500,0.0,0.0,,0.0,0.0,0.0,18.0,0.0,0.0,0.0,6.0,30.0
117,Jae Crowder,SF-PF,29,TOT,65,53,1875,4.3,10.8,.401,2.6,7.6,.343,1.7,3.2,.538,1.9,2.4,.776,1.0,6.4,7.4,3.1,1.4,0.5,1.3,2.7,13.1
118,Jarrett Culver,SG,20,MIN,63,35,1506,5.5,13.6,.404,1.6,5.3,.299,3.9,8.3,.471,1.3,2.8,.462,1.7,3.4,5.1,2.6,1.4,0.9,1.9,3.0,13.9
119,Seth Curry,SG,29,DAL,64,25,1576,6.5,13.1,.495,3.3,7.3,.452,3.2,5.8,.549,1.8,2.2,.825,0.6,2.7,3.3,2.8,0.9,0.2,1.4,2.6,18.1
120,Stephen Curry,PG,31,GSW,5,5,139,8.5,21.2,.402,3.1,12.7,.245,5.4,8.5,.636,6.7,6.7,1.000,1.0,5.7,6.7,8.5,1.3,0.5,4.1,2.8,26.9
121,Troy Daniels,SG,28,TOT,47,0,532,4.9,12.6,.387,3.1,8.9,.348,1.8,3.7,.481,0.7,1.1,.625,0.8,2.7,3.5,1.2,0.7,0.2,0.8,2.5,13.5
122,Anthony Davis,PF,26,LAL,62,62,2131,9.3,18.5,.503,1.2,3.7,.330,8.1,14.8,.546,7.5,8.9,.846,2.4,7.3,9.7,3.4,1.5,2.4,2.6,2.6,27.3
123,Ed Davis,C,30,UTA,28,1,303,2.6,5.5,.478,0.0,0.0,,2.6,5.5,.478,0.8,1.7,.500,4.2,8.3,12.5,1.4,1.3,1.1,1.5,7.2,6.1
124,Terence Davis,SG,22,TOR,72,4,1209,5.9,13.0,.456,2.8,7.2,.388,3.1,5.8,.541,1.5,1.8,.864,1.5,5.6,7.1,3.4,1.2,0.4,2.3,3.7,16.2
125,Dewayne Dedmon,C,30,TOT,44,18,774,4.7,11.9,.400,1.0,5.0,.206,3.7,6.9,.541,1.4,1.7,.833,2.8,8.8,11.6,1.0,1.2,1.9,2.7,6.2,11.9
126,Matthew Dellavedova,PG,29,CLE,57,4,821,2.7,7.7,.354,0.9,4.0,.231,1.8,3.7,.488,1.4,1.6,.865,0.8,2.5,3.3,7.9,0.9,0.1,2.6,3.4,7.8
127,DeMar DeRozan,SF,30,SAS,68,68,2316,8.7,16.3,.531,0.1,0.5,.257,8.5,15.8,.540,5.9,7.0,.845,0.7,5.1,5.8,5.9,1.1,0.3,2.5,2.8,23.4
128,Cheick Diallo,C,23,PHO,47,2,479,6.9,10.7,.648,0.1,0.2,.333,6.8,10.4,.655,2.6,2.9,.872,2.3,7.6,9.8,1.7,0.8,0.9,2.4,4.1,16.5
129,Hamidou Diallo,SF,21,OKC,46,3,896,5.3,11.9,.446,0.6,2.3,.281,4.7,9.6,.485,1.5,2.5,.603,1.8,4.9,6.7,1.4,1.5,0.4,2.0,4.1,12.8
130,Gorgui Dieng,C,30,TOT,63,17,1096,5.5,12.0,.456,1.8,5.0,.355,3.7,7.0,.528,2.6,3.3,.772,3.0,8.6,11.6,2.4,1.7,1.9,2.0,4.1,15.2
131,Spencer Dinwiddie,PG,26,BRK,64,49,1994,7.7,18.4,.415,2.2,7.2,.308,5.4,11.2,.485,6.3,8.1,.778,0.6,3.4,4.0,7.8,0.7,0.4,3.1,3.2,23.8
132,Donte DiVincenzo,SG,23,MIL,66,24,1520,5.5,12.1,.455,2.0,5.9,.336,3.5,6.2,.567,1.5,2.0,.733,1.6,6.0,7.5,3.6,2.0,0.5,2.1,2.7,14.4
133,Luka Dončić,PG,20,DAL,61,61,2047,10.2,22.1,.463,3.0,9.5,.316,7.2,12.6,.574,7.5,9.9,.758,1.4,8.7,10.1,9.5,1.1,0.2,4.6,2.7,30.9
134,Luguentz Dort,SF,20,OKC,36,28,820,3.8,9.6,.394,1.3,4.4,.297,2.5,5.1,.479,1.8,2.3,.792,1.1,2.5,3.6,1.2,1.4,0.2,1.0,4.3,10.7
135,Damyean Dotson,SG,25,NYK,48,0,836,5.2,12.5,.414,2.5,7.0,.362,2.6,5.5,.480,0.9,1.4,.667,0.4,3.5,3.9,2.5,1.0,0.2,0.9,1.9,13.8
136,Sekou Doumbouya,PF,19,DET,38,19,754,4.4,11.3,.390,1.3,4.7,.286,3.1,6.6,.464,1.5,2.2,.674,1.0,4.7,5.6,0.9,1.0,0.4,1.7,3.8,11.6
137,PJ Dozier,SG,23,DEN,29,0,412,5.7,13.7,.414,1.5,4.3,.347,4.2,9.4,.444,1.8,2.5,.724,0.9,3.9,4.8,5.5,1.2,0.5,2.4,3.9,14.7
138,Goran Dragić,PG,33,MIA,59,3,1663,6.9,15.7,.441,2.7,7.3,.367,4.2,8.4,.505,4.1,5.3,.776,0.6,3.4,4.0,6.5,0.9,0.2,3.1,2.7,20.6
139,Andre Drummond,C,26,TOT,57,56,1879,8.0,15.0,.533,0.1,0.7,.143,7.9,14.4,.551,3.2,5.6,.575,4.8,11.8,16.6,2.9,2.1,1.8,3.9,3.9,19.4
140,Jared Dudley,PF,34,LAL,45,1,364,2.4,5.9,.400,1.8,4.2,.429,0.6,1.8,.333,0.2,0.2,1.000,0.6,4.5,5.1,2.8,1.5,0.3,0.8,4.1,6.7
141,Kris Dunn,PG,25,CHI,51,32,1269,4.3,9.7,.444,0.8,3.2,.259,3.5,6.5,.535,1.1,1.5,.741,0.7,4.6,5.3,4.9,2.9,0.5,1.9,4.5,10.6
142,Carsen Edwards,SG,21,BOS,37,0,351,4.3,13.1,.328,2.5,7.8,.316,1.8,5.3,.346,1.3,1.9,.684,0.6,4.2,4.8,2.5,1.2,0.4,1.5,3.5,12.4
143,Henry Ellenson,C,23,BRK,5,0,15,2.4,16.8,.143,0.0,9.6,.000,2.4,7.2,.333,0.0,0.0,,4.8,9.6,14.4,2.4,0.0,0.0,0.0,2.4,4.8
144,Wayne Ellington,SG,32,NYK,36,1,558,3.9,11.2,.351,3.2,9.2,.350,0.7,2.0,.355,0.7,0.8,.846,0.3,3.9,4.2,2.8,0.8,0.3,1.2,2.6,11.8
145,Joel Embiid,C,25,PHI,51,51,1506,9.1,19.1,.477,1.4,4.1,.331,7.8,15.0,.517,8.4,10.4,.807,3.4,10.8,14.2,3.6,1.1,1.6,3.8,4.2,28.0
146,James Ennis,SF-SG,29,TOT,69,18,1265,4.6,10.2,.446,1.6,4.8,.325,3.0,5.4,.553,2.2,2.8,.806,2.0,5.0,7.0,1.8,1.0,0.6,1.7,3.9,12.9
147,Drew Eubanks,C,22,SAS,22,3,272,5.7,8.9,.642,0.1,0.1,1.000,5.6,8.7,.636,2.6,3.4,.769,3.7,7.5,11.3,2.0,0.7,2.3,2.8,4.9,14.2
148,Jacob Evans,SG,22,TOT,29,1,418,3.9,11.5,.336,1.1,3.4,.333,2.8,8.2,.337,2.2,2.5,.862,0.8,2.8,3.5,2.7,0.9,1.0,2.2,3.5,11.0
149,Dante Exum,SG,24,TOT,35,1,485,4.2,8.8,.471,1.1,3.2,.349,3.0,5.6,.539,2.4,3.2,.744,0.9,4.1,5.0,3.0,1.0,0.6,2.3,2.8,11.8
150,Tacko Fall,C,24,BOS,7,0,33,12.0,15.3,.786,0.0,0.0,,12.0,15.3,.786,1.1,3.3,.333,1.1,15.3,16.4,1.1,1.1,4.4,3.3,7.6,25.1
151,Derrick Favors,C,28,NOP,51,49,1243,6.1,9.8,.617,0.0,0.2,.143,6.0,9.6,.627,1.2,2.1,.563,4.7,9.8,14.5,2.3,0.9,1.3,1.6,3.1,13.3
152,Cristiano Felício,C,27,CHI,22,0,386,3.2,5.0,.630,0.0,0.2,.000,3.2,4.8,.654,1.7,2.1,.783,5.1,4.4,9.5,1.5,0.9,0.2,1.7,3.2,8.0
153,Terrance Ferguson,SF,21,OKC,56,38,1257,2.2,6.3,.355,1.4,4.8,.292,0.8,1.5,.558,0.4,0.6,.750,0.7,1.5,2.1,1.5,0.8,0.5,0.9,4.4,6.3
154,Bruno Fernando,C,21,ATL,56,13,713,5.2,10.0,.518,0.3,1.9,.135,4.9,8.2,.605,1.5,2.6,.569,3.4,6.6,10.0,2.5,0.9,0.9,2.1,5.4,12.1
155,Yogi Ferrell,PG,26,SAC,50,0,530,5.4,12.8,.420,1.6,5.4,.304,3.7,7.4,.505,2.4,2.9,.857,0.4,2.9,3.3,4.7,1.2,0.3,1.9,2.6,14.8
156,Dorian Finney-Smith,PF,26,DAL,71,68,2120,4.1,8.9,.466,1.9,5.1,.376,2.2,3.7,.589,1.3,1.8,.722,2.5,4.4,6.9,1.9,0.8,0.7,1.2,3.0,11.5
157,Bryn Forbes,SG,26,SAS,63,62,1579,5.5,13.2,.417,3.4,8.7,.388,2.1,4.6,.470,1.7,2.1,.833,0.3,2.6,2.9,2.5,0.8,0.0,1.3,2.6,16.1
158,Evan Fournier,SF,27,ORL,66,66,2076,7.5,16.1,.467,3.0,7.5,.399,4.5,8.6,.527,3.1,3.8,.818,0.3,2.7,3.0,3.6,1.2,0.3,2.2,2.8,21.2
159,De'Aaron Fox,PG,22,SAC,51,49,1634,8.6,18.0,.480,1.2,4.1,.292,7.4,13.9,.535,5.3,7.5,.705,0.8,3.5,4.3,7.7,1.6,0.6,3.5,3.2,23.7
160,Melvin Frazier,SG,23,ORL,19,0,126,4.3,9.7,.441,2.3,4.6,.500,2.0,5.1,.389,0.6,1.1,.500,0.6,2.3,2.9,0.9,2.6,0.6,1.4,3.1,11.4
161,Michael Frazier,SG,25,HOU,13,0,145,1.7,7.2,.241,1.0,5.7,.174,0.7,1.5,.500,2.2,3.5,.643,0.2,2.2,2.5,0.5,0.5,0.0,1.2,5.5,6.7
162,Tim Frazier,PG,29,DET,27,11,355,3.4,9.5,.362,1.0,3.0,.333,2.4,6.5,.375,1.9,2.4,.792,0.9,2.4,3.3,9.4,1.4,0.4,3.7,4.3,9.8
163,Markelle Fultz,PG,21,ORL,72,60,1996,6.5,13.9,.465,0.6,2.4,.267,5.8,11.5,.507,2.1,2.9,.730,0.7,3.6,4.3,6.7,1.6,0.2,2.7,2.6,15.7
164,Wenyen Gabriel,PF,22,TOT,30,1,235,3.2,7.4,.438,0.9,3.1,.300,2.3,4.3,.536,2.3,3.4,.682,3.2,4.7,8.0,1.2,1.7,1.1,2.5,6.0,9.7
165,Daniel Gafford,C,21,CHI,43,7,609,5.6,7.9,.701,0.0,0.0,,5.6,7.9,.701,1.9,3.5,.533,3.1,3.2,6.3,1.2,0.8,3.3,1.7,5.8,13.0
166,Danilo Gallinari,PF,31,OKC,62,62,1834,7.0,16.0,.438,3.5,8.6,.405,3.5,7.4,.476,5.2,5.8,.893,0.7,5.7,6.3,2.3,0.8,0.1,1.5,1.5,22.8
167,Langston Galloway,SG,28,DET,66,6,1702,5.0,11.5,.435,2.8,7.0,.399,2.2,4.5,.493,1.5,1.8,.859,0.7,2.5,3.2,2.1,1.0,0.2,0.8,2.0,14.3
168,Darius Garland,SG,20,CLE,59,59,1824,5.5,13.8,.401,2.1,5.8,.355,3.5,8.0,.434,1.2,1.4,.875,0.5,1.7,2.2,4.5,0.8,0.1,3.0,1.8,14.4
169,Marc Gasol,C,35,TOR,44,43,1161,3.7,8.7,.427,1.8,4.6,.385,1.9,4.1,.473,1.1,1.5,.735,1.0,7.6,8.5,4.6,1.1,1.2,1.8,3.8,10.3
170,Rudy Gay,PF,33,SAS,67,5,1461,6.6,14.7,.446,1.8,5.4,.336,4.7,9.3,.511,3.0,3.4,.882,1.5,7.4,8.9,2.8,0.9,0.8,2.2,2.5,17.9
171,Paul George,SF,29,LAC,48,48,1419,8.7,19.8,.439,4.0,9.7,.412,4.7,10.2,.464,4.8,5.5,.876,0.6,6.3,6.9,4.7,1.7,0.5,3.2,2.9,26.2
172,Taj Gibson,C,34,NYK,62,56,1025,5.9,10.0,.584,0.1,0.5,.286,5.7,9.6,.599,1.4,2.0,.732,3.9,5.5,9.4,1.8,0.9,1.1,1.7,4.3,13.3
173,Harry Giles,C,21,SAC,46,17,667,7.5,13.5,.554,0.0,0.1,.000,7.5,13.4,.558,2.1,2.6,.776,2.3,7.8,10.1,3.2,1.2,1.0,2.4,6.4,17.1
174,Shai Gilgeous-Alexander,SG,21,OKC,70,70,2428,7.1,15.0,.471,1.3,3.7,.347,5.8,11.3,.512,4.3,5.3,.807,0.7,5.4,6.1,3.4,1.2,0.7,2.0,1.7,19.7
175,Rudy Gobert,C,27,UTA,68,68,2333,6.0,8.6,.693,0.0,0.0,,6.0,8.6,.693,3.9,6.2,.630,3.5,10.6,14.1,1.6,0.8,2.1,2.0,3.3,15.8
176,Brandon Goodwin,PG,24,ATL,34,1,430,6.4,15.9,.400,2.2,7.3,.299,4.2,8.6,.485,2.3,2.5,.933,0.9,5.1,6.0,4.3,1.0,0.3,2.4,3.6,17.2
177,Aaron Gordon,PF,24,ORL,62,62,2017,6.0,13.7,.437,1.3,4.2,.308,4.7,9.5,.494,2.7,4.0,.674,1.9,6.6,8.5,4.1,0.9,0.7,1.8,2.2,16.0
178,Eric Gordon,SF,31,HOU,36,15,1016,6.1,16.4,.369,3.4,10.7,.317,2.7,5.7,.469,2.9,3.8,.766,0.3,2.2,2.5,1.9,0.8,0.5,1.5,2.5,18.4
179,Devonte' Graham,PG,24,CHO,63,53,2211,6.0,15.7,.382,3.5,9.5,.373,2.4,6.2,.397,3.1,3.8,.820,0.7,2.8,3.5,7.7,1.0,0.2,2.9,1.9,18.6
180,Treveon Graham,SF,26,TOT,55,20,929,3.4,9.4,.360,1.3,4.7,.275,2.1,4.7,.443,1.4,2.2,.643,2.0,3.8,5.8,1.7,0.9,0.2,1.1,4.0,9.4
181,Jerami Grant,PF,25,DEN,71,24,1892,5.8,12.1,.478,1.9,4.8,.389,3.9,7.3,.537,2.8,3.7,.750,1.1,3.6,4.7,1.7,1.0,1.1,1.2,2.9,16.2
182,Jerian Grant,SG,27,WAS,6,0,80,4.5,12.2,.370,0.9,3.6,.250,3.6,8.6,.421,2.3,3.2,.714,0.9,1.8,2.7,4.1,0.5,0.5,1.4,5.0,12.2
183,Josh Gray,PG,26,NOP,2,0,23,1.6,3.1,.500,0.0,0.0,,1.6,3.1,.500,0.0,0.0,,1.6,1.6,3.1,3.1,0.0,0.0,7.8,1.6,3.1
184,Danny Green,SG,32,LAL,68,68,1687,4.2,10.1,.416,2.6,7.0,.367,1.6,3.1,.524,0.7,1.0,.688,1.1,3.7,4.8,1.9,1.8,0.7,1.3,2.9,11.7
185,Draymond Green,PF,29,GSW,43,43,1222,3.6,9.3,.389,1.1,3.8,.279,2.6,5.5,.465,1.9,2.4,.759,0.7,7.2,7.8,7.8,1.7,1.0,2.9,3.2,10.2
186,JaMychal Green,PF,29,LAC,63,1,1307,4.2,9.7,.429,2.5,6.6,.387,1.6,3.1,.518,1.0,1.3,.750,2.1,8.6,10.7,1.3,0.8,0.7,1.5,4.8,11.8
187,Javonte Green,SG,26,BOS,48,2,468,4.8,9.7,.500,0.7,2.5,.273,4.2,7.2,.581,2.2,3.2,.667,1.8,5.3,7.2,2.0,1.8,0.6,1.8,3.3,12.5
188,Jeff Green,PF-C,33,TOT,48,4,960,6.0,12.9,.462,2.3,6.9,.339,3.6,6.0,.602,2.7,3.4,.802,0.9,4.1,5.0,1.9,1.0,0.7,1.6,3.3,17.0
189,Blake Griffin,PF,30,DET,18,18,512,6.2,17.6,.352,1.9,7.8,.243,4.3,9.8,.439,5.3,6.9,.776,1.2,4.7,5.9,4.1,0.5,0.5,2.8,1.9,19.6
190,Marko Guduric,SG,24,MEM,44,0,484,4.6,11.7,.395,1.9,6.2,.301,2.8,5.5,.500,1.8,1.9,.923,1.0,4.4,5.4,3.3,0.9,0.6,2.7,2.5,12.9
191,Kyle Guy,SG,22,SAC,3,0,10,7.2,18.0,.400,0.0,10.8,.000,7.2,7.2,1.000,0.0,0.0,,0.0,3.6,3.6,3.6,0.0,0.0,0.0,3.6,14.4
192,Rui Hachimura,PF,21,WAS,48,48,1444,6.3,13.6,.466,0.6,2.2,.287,5.7,11.4,.500,2.9,3.5,.829,1.9,5.4,7.3,2.2,0.9,0.2,1.3,2.6,16.2
193,Devon Hall,PG,24,OKC,11,0,81,2.7,13.3,.200,1.8,7.6,.235,0.9,5.8,.154,1.8,3.6,.500,0.9,2.2,3.1,5.8,1.8,0.4,2.2,2.7,8.9
194,Donta Hall,C-PF,22,TOT,9,0,133,4.1,6.0,.682,0.0,0.0,,4.1,6.0,.682,2.4,4.9,.500,3.8,6.5,10.3,1.1,0.8,1.6,1.4,6.2,10.6
195,Dusty Hannahs,SG,26,MEM,2,0,13,11.1,24.9,.444,5.5,8.3,.667,5.5,16.6,.333,5.5,5.5,1.000,0.0,2.8,2.8,0.0,0.0,0.0,0.0,2.8,33.2
196,Tim Hardaway Jr.,SG,27,DAL,71,58,2091,6.6,15.2,.434,3.5,8.8,.398,3.1,6.4,.485,2.6,3.1,.819,0.4,3.6,4.0,2.4,0.7,0.1,1.2,2.2,19.3
197,James Harden,SG,30,HOU,68,68,2483,9.7,22.0,.444,4.3,12.2,.355,5.4,9.7,.556,10.0,11.6,.865,1.0,5.5,6.5,7.4,1.8,0.9,4.5,3.3,33.9
198,Maurice Harkless,PF-SF,26,TOT,62,48,1427,3.6,7.1,.502,0.9,2.5,.347,2.7,4.7,.584,1.0,1.7,.591,1.4,4.7,6.1,1.7,1.5,0.8,1.3,3.7,9.0
199,Jared Harper,PG,22,PHO,3,0,8,4.5,18.0,.250,0.0,9.0,.000,4.5,9.0,.500,0.0,0.0,,0.0,0.0,0.0,0.0,0.0,0.0,0.0,0.0,9.0
200,Montrezl Harrell,C,26,LAC,63,2,1749,9.7,16.7,.580,0.0,0.4,.000,9.7,16.3,.593,4.8,7.2,.658,3.4,5.8,9.2,2.2,0.8,1.5,2.2,3.0,24.1
201,Gary Harris,SG,25,DEN,56,55,1780,4.4,10.5,.420,1.4,4.2,.333,3.0,6.2,.479,1.5,1.9,.815,0.5,2.8,3.3,2.4,1.5,0.3,1.2,2.3,11.8
202,Joe Harris,SF,28,BRK,69,69,2123,6.5,13.3,.486,2.9,6.9,.424,3.5,6.4,.553,1.1,1.5,.719,1.1,4.0,5.1,2.4,0.7,0.3,1.8,2.7,16.9
203,Tobias Harris,PF,27,PHI,72,72,2469,8.1,17.1,.471,1.9,5.2,.367,6.2,11.9,.517,2.5,3.1,.806,1.0,6.2,7.2,3.3,0.8,0.6,1.5,2.4,20.6
204,Shaquille Harrison,SG,26,CHI,43,10,484,5.7,12.3,.467,1.2,3.1,.381,4.5,9.1,.496,2.9,3.7,.780,1.6,4.8,6.4,3.6,2.5,1.4,1.4,4.1,15.5
205,Josh Hart,SF,24,NOP,65,16,1755,4.6,10.9,.423,2.5,7.3,.342,2.1,3.7,.584,1.7,2.4,.739,1.3,7.5,8.7,2.2,1.3,0.5,1.5,3.3,13.5
206,Isaiah Hartenstein,C,21,HOU,23,2,266,6.0,9.1,.657,0.0,0.7,.000,6.0,8.4,.710,2.6,3.8,.679,3.9,8.3,12.2,2.4,1.2,1.6,2.2,5.5,14.5
207,Udonis Haslem,C,39,MIA,4,1,44,3.3,9.0,.364,0.8,2.5,.333,2.5,6.5,.375,2.5,3.3,.750,0.8,12.3,13.1,0.8,0.0,0.0,0.8,4.9,9.8
208,Jaxson Hayes,C,19,NOP,64,14,1080,5.8,8.6,.672,0.0,0.1,.250,5.8,8.5,.678,4.1,6.3,.647,3.2,5.4,8.6,1.9,0.9,1.8,1.8,5.4,15.7
209,Gordon Hayward,SF,29,BOS,52,52,1740,7.2,14.5,.500,1.8,4.6,.383,5.5,9.9,.554,2.6,3.0,.855,1.1,6.1,7.2,4.4,0.8,0.5,2.0,2.0,18.8
210,John Henson,C,29,TOT,40,8,600,5.7,10.3,.556,0.5,2.2,.222,5.2,8.1,.644,1.4,2.8,.500,2.8,7.0,9.7,3.2,1.4,2.5,2.2,4.7,13.3
211,Dewan Hernandez,C,23,TOR,6,0,28,6.4,18.0,.357,1.3,2.6,.500,5.1,15.4,.333,3.9,6.4,.600,6.4,11.6,18.0,3.9,1.3,0.0,3.9,7.7,18.0
212,Juan Hernangómez,PF,24,TOT,48,14,833,4.3,10.7,.405,1.9,5.6,.341,2.4,5.1,.475,1.9,3.1,.620,1.9,6.7,8.5,1.7,0.8,0.4,1.4,2.8,12.4
213,Willy Hernangómez,C,25,CHO,31,0,375,7.1,13.3,.532,0.5,2.1,.227,6.6,11.2,.590,3.6,5.7,.627,4.1,8.7,12.9,2.8,1.0,0.7,2.9,3.1,18.2
214,Tyler Herro,SG,20,MIA,55,8,1508,6.4,15.1,.428,2.8,7.1,.389,3.7,7.9,.462,2.1,2.4,.870,0.4,5.0,5.3,2.9,0.8,0.2,2.1,1.8,17.7
215,Kevin Hervey,PF,23,OKC,10,0,52,4.8,18.7,.259,2.1,13.8,.150,2.8,4.8,.571,0.0,0.0,,0.7,7.6,8.3,3.5,0.7,0.7,0.0,2.8,11.8
216,Mario Hezonja,PF,24,POR,53,4,871,3.8,9.0,.422,1.0,3.2,.308,2.8,5.8,.486,2.0,2.4,.814,1.2,6.4,7.6,2.1,1.5,0.4,1.7,4.4,10.6
217,Buddy Hield,SG,27,SAC,72,44,2216,8.1,18.9,.429,4.4,11.2,.394,3.7,7.7,.479,1.9,2.2,.846,0.9,4.4,5.3,3.5,1.1,0.3,2.7,2.7,22.5
218,George Hill,PG,33,MIL,59,2,1271,5.5,10.6,.516,2.3,5.0,.460,3.2,5.7,.565,2.4,2.9,.842,1.4,3.6,5.0,5.1,1.3,0.1,1.6,2.4,15.7
219,Solomon Hill,PF,28,TOT,59,4,1088,3.6,9.2,.396,2.1,5.7,.368,1.6,3.5,.439,1.3,1.8,.741,1.0,4.5,5.5,3.4,1.4,0.4,1.7,2.8,10.7
220,Jaylen Hoard,PF,20,POR,13,0,103,5.2,11.2,.469,0.0,1.0,.000,5.2,10.1,.517,2.8,4.5,.615,4.9,6.3,11.2,1.4,1.7,0.0,1.4,4.2,13.3
221,Aaron Holiday,PG,23,IND,66,33,1617,5.2,12.5,.414,1.9,4.9,.394,3.3,7.6,.427,1.6,1.9,.851,0.5,3.0,3.5,5.0,1.2,0.4,2.0,2.7,14.0
222,Jrue Holiday,SG,29,NOP,61,61,2117,7.8,17.1,.455,2.1,5.9,.353,5.7,11.2,.509,2.2,3.1,.709,1.3,3.7,5.0,6.9,1.7,0.8,3.1,2.5,19.8
223,Justin Holiday,SF,30,IND,73,6,1826,4.1,9.6,.428,2.6,6.5,.405,1.5,3.1,.477,1.0,1.3,.791,0.6,4.1,4.7,1.8,1.7,0.9,0.9,2.7,11.9
224,Rondae Hollis-Jefferson,PF,25,TOR,60,6,1122,5.0,10.6,.471,0.1,0.7,.130,4.9,9.8,.497,3.4,4.6,.734,3.5,5.6,9.1,3.4,1.5,0.7,1.9,3.7,13.4
225,Richaun Holmes,C,26,SAC,44,38,1242,6.5,10.0,.648,0.0,0.0,,6.5,10.0,.648,2.7,3.4,.788,3.7,6.7,10.4,1.2,1.2,1.6,1.5,4.9,15.6
226,Rodney Hood,SF,27,POR,21,21,619,5.1,10.0,.506,2.0,4.1,.493,3.0,5.9,.515,1.2,1.6,.778,0.6,3.6,4.2,1.9,1.0,0.2,1.1,2.7,13.4
227,Al Horford,C,33,PHI,67,61,2025,5.7,12.6,.450,1.8,5.0,.350,3.9,7.6,.516,1.1,1.4,.763,1.8,6.3,8.1,4.8,0.9,1.1,1.4,2.5,14.2
228,Talen Horton-Tucker,SG,19,LAL,6,1,81,6.2,13.3,.467,1.8,5.8,.308,4.4,7.6,.588,0.9,1.8,.500,0.9,2.2,3.1,2.7,3.6,0.4,2.7,4.4,15.1
229,Danuel House,SF,26,HOU,63,52,1913,4.3,10.1,.427,2.4,6.7,.363,1.9,3.5,.549,1.4,1.7,.811,1.1,4.0,5.0,1.6,1.3,0.6,1.0,2.5,12.5
230,Dwight Howard,C,34,LAL,69,2,1306,5.6,7.6,.729,0.1,0.1,.600,5.5,7.5,.732,3.0,5.9,.514,4.7,9.2,14.0,1.2,0.9,2.2,2.3,6.1,14.3
231,William Howard,PF,26,HOU,2,0,13,0.0,11.1,.000,0.0,11.1,.000,0.0,0.0,,0.0,0.0,,0.0,5.5,5.5,2.8,0.0,0.0,2.8,2.8,0.0
232,Kevin Huerter,SG,21,ATL,56,48,1760,5.2,12.5,.413,2.6,6.8,.380,2.6,5.6,.453,1.1,1.3,.828,0.7,3.9,4.7,4.4,1.0,0.6,1.8,2.8,14.0
233,De'Andre Hunter,SF,22,ATL,63,62,2018,5.0,12.2,.410,1.9,5.4,.355,3.1,6.8,.454,2.0,2.6,.764,0.8,4.3,5.1,2.0,0.8,0.3,1.8,3.2,13.9
234,Chandler Hutchison,SF,23,CHI,28,10,527,5.5,12.0,.457,0.8,2.6,.316,4.6,9.4,.496,3.1,5.3,.590,1.2,6.1,7.4,1.8,1.8,0.5,1.8,3.2,14.9
235,Serge Ibaka,C,30,TOR,55,27,1485,8.3,16.2,.512,1.7,4.4,.385,6.6,11.8,.559,2.2,3.0,.718,2.8,8.2,11.0,1.9,0.7,1.1,2.6,3.7,20.5
236,Andre Iguodala,SF,36,MIA,21,0,418,3.3,7.6,.432,1.2,4.0,.298,2.1,3.5,.585,0.5,1.3,.400,1.5,5.3,6.7,4.4,1.2,1.8,2.2,3.0,8.3
237,Ersan İlyasova,PF,32,MIL,63,8,986,5.3,11.4,.466,1.8,5.0,.365,3.5,6.4,.545,2.6,3.2,.828,2.3,8.8,11.0,1.8,0.9,0.6,1.2,3.5,15.1
238,Joe Ingles,PF,32,UTA,72,45,2137,4.1,9.3,.445,2.4,5.9,.399,1.8,3.4,.525,1.2,1.6,.787,0.5,4.2,4.7,6.3,1.1,0.2,2.4,2.6,11.9
239,Brandon Ingram,PF,22,NOP,62,62,2104,8.7,18.8,.463,2.6,6.6,.391,6.1,12.2,.501,5.4,6.3,.851,0.9,5.6,6.5,4.4,1.0,0.7,3.2,3.1,25.3
240,Kyrie Irving,PG,27,BRK,20,20,658,10.9,22.8,.478,3.1,7.8,.394,7.8,15.0,.522,5.1,5.6,.922,1.2,4.4,5.6,7.0,1.5,0.5,2.8,2.9,30.0
241,Jonathan Isaac,PF,22,ORL,34,32,980,5.7,12.2,.470,1.2,3.5,.340,4.6,8.7,.521,2.2,2.8,.779,2.1,6.4,8.5,1.8,1.9,2.9,1.8,3.0,14.8
242,Wesley Iwundu,SF,25,ORL,52,21,953,3.7,8.8,.416,1.1,3.1,.341,2.6,5.7,.457,2.9,3.7,.804,0.9,4.0,4.9,2.3,0.9,0.5,1.0,3.0,11.3
243,Frank Jackson,PG,21,NOP,59,2,797,6.1,15.0,.405,2.1,6.5,.326,3.9,8.4,.465,2.5,3.4,.747,1.0,2.8,3.7,2.8,0.8,0.2,2.2,3.5,16.8
244,Jaren Jackson Jr.,C,20,MEM,57,57,1622,7.8,16.7,.469,3.2,8.2,.394,4.6,8.5,.540,3.1,4.1,.747,1.2,4.6,5.8,1.7,0.9,2.0,2.2,5.1,22.0
245,Josh Jackson,SF,22,MEM,22,0,381,6.6,15.0,.440,2.2,6.8,.319,4.4,8.2,.540,3.3,4.7,.700,1.0,5.2,6.2,3.3,1.7,0.9,2.6,3.8,18.7
246,Justin Jackson,PF,24,DAL,65,3,1045,4.7,11.7,.396,1.7,5.6,.294,3.0,6.1,.489,1.4,1.7,.840,0.9,4.4,5.3,1.8,0.5,0.3,0.5,2.4,12.4
247,Reggie Jackson,SG-PG,29,TOT,31,16,743,6.5,15.8,.411,2.8,7.0,.393,3.7,8.8,.425,2.2,2.6,.833,0.8,3.6,4.5,6.1,0.6,0.2,2.5,2.9,17.9
248,Justin James,SF,23,SAC,36,0,232,5.4,13.0,.417,1.4,4.5,.310,4.0,8.5,.473,1.6,3.3,.476,0.9,4.0,5.0,2.8,0.9,1.4,1.2,2.6,13.8
249,LeBron James,PG,35,LAL,67,67,2316,10.0,20.3,.493,2.3,6.6,.348,7.7,13.6,.564,4.1,5.9,.693,1.0,7.1,8.2,10.6,1.2,0.6,4.1,1.8,26.4
250,Amile Jefferson,PF,26,ORL,18,0,74,2.4,6.8,.357,0.0,0.0,,2.4,6.8,.357,2.4,6.8,.357,4.9,6.3,11.2,1.9,0.5,1.5,1.5,3.4,7.3
251,DaQuan Jeffries,SG,22,SAC,13,0,141,5.1,10.2,.500,1.3,4.6,.278,3.8,5.6,.682,1.3,1.5,.833,0.8,3.8,4.6,1.8,1.0,0.3,0.5,4.9,12.8
252,Ty Jerome,SG,22,PHO,31,0,328,4.2,12.4,.336,1.5,5.5,.280,2.6,6.9,.381,1.3,1.8,.750,0.8,4.3,5.0,4.8,1.6,0.3,2.0,3.2,11.2
253,Alize Johnson,PF,23,IND,17,1,118,3.7,8.8,.414,0.9,2.4,.375,2.7,6.4,.429,2.1,3.1,.700,4.9,9.8,14.6,2.1,0.9,0.6,2.1,3.7,10.4
254,B.J. Johnson,SF,24,ORL,10,0,83,3.9,13.9,.281,1.3,3.9,.333,2.6,10.0,.261,3.9,4.3,.900,1.3,5.2,6.5,1.3,1.3,0.0,2.6,1.3,13.0
255,Cameron Johnson,PF,23,PHO,57,9,1255,5.0,11.6,.435,3.0,7.8,.390,2.0,3.8,.526,1.3,1.6,.807,1.4,4.0,5.4,2.0,1.0,0.6,0.9,2.5,14.5
256,James Johnson,PF-C,32,TOT,32,1,619,6.0,12.5,.479,1.9,5.3,.363,4.1,7.2,.565,1.8,2.8,.646,1.5,5.4,6.9,4.3,1.5,1.9,2.8,4.7,15.7
257,Keldon Johnson,SF,20,SAS,17,1,301,6.3,10.6,.596,1.6,2.6,.591,4.8,8.0,.597,4.2,5.3,.795,1.2,5.6,6.8,1.8,1.7,0.2,1.6,3.3,18.4
258,Stanley Johnson,PF,23,TOR,25,0,150,5.3,14.2,.373,1.7,5.8,.292,3.6,8.4,.429,2.2,3.8,.563,1.7,7.2,8.9,4.8,1.4,1.0,3.6,3.8,14.4
259,Tyler Johnson,PG-SG,27,TOT,39,7,709,4.9,12.7,.388,1.9,6.0,.319,3.0,6.7,.450,2.1,2.5,.840,0.9,2.9,3.9,3.8,0.8,0.5,1.5,2.9,13.9
260,Nikola Jokić,C,24,DEN,73,73,2336,8.7,16.5,.528,1.2,3.9,.314,7.5,12.6,.594,3.8,4.6,.817,2.6,8.4,11.0,7.9,1.3,0.7,3.5,3.4,22.4
261,Damian Jones,C,24,ATL,55,27,887,4.9,7.2,.680,0.1,0.4,.222,4.8,6.9,.704,2.5,3.4,.738,3.0,5.4,8.4,1.4,1.1,1.6,1.1,6.0,12.4
262,Derrick Jones Jr.,SF,22,MIA,59,16,1375,4.8,9.1,.527,1.0,3.5,.280,3.8,5.7,.677,2.5,3.2,.772,1.7,4.4,6.1,1.6,1.5,1.0,0.8,3.4,13.1
263,Tyus Jones,PG,23,MEM,65,6,1232,5.8,12.5,.459,1.4,3.6,.379,4.4,8.9,.492,1.3,1.7,.741,0.3,2.7,3.0,8.3,1.7,0.2,1.6,1.3,14.1
264,DeAndre Jordan,C,31,BRK,56,6,1234,5.6,8.4,.666,0.0,0.0,,5.6,8.4,.666,2.4,3.6,.680,4.1,12.3,16.4,3.1,0.5,1.5,2.2,3.3,13.6
265,Cory Joseph,PG,28,SAC,72,26,1759,3.5,8.4,.415,1.1,3.3,.352,2.4,5.2,.455,1.2,1.4,.857,0.9,2.9,3.8,5.1,1.1,0.4,1.6,2.7,9.4
266,Mfiondu Kabengele,C,22,LAC,12,0,64,7.9,18.0,.438,5.1,11.3,.450,2.8,6.8,.417,2.8,2.8,1.000,0.6,5.6,6.2,1.1,1.1,1.1,1.1,5.1,23.6
267,Frank Kaminsky,C,26,PHO,39,13,777,6.4,14.2,.450,1.9,5.7,.331,4.5,8.5,.530,2.8,4.2,.678,1.6,6.5,8.2,3.5,0.6,0.5,1.7,3.5,17.5
268,Enes Kanter,C,27,BOS,58,7,983,7.3,12.7,.572,0.0,0.3,.143,7.3,12.5,.581,2.6,3.6,.707,6.0,9.8,15.8,2.1,0.8,1.5,2.1,3.7,17.2
269,Luke Kennard,SG,23,DET,28,25,922,5.9,13.4,.442,2.9,7.1,.399,3.0,6.2,.491,2.6,2.9,.893,0.4,3.5,3.8,4.5,0.5,0.2,1.7,2.5,17.3
270,Stanton Kidd,SG,27,UTA,4,0,15,0.0,7.2,.000,0.0,2.4,.000,0.0,4.8,.000,0.0,0.0,,0.0,7.2,7.2,2.4,0.0,0.0,4.8,7.2,0.0
271,Michael Kidd-Gilchrist,PF,26,TOT,25,0,281,2.8,8.5,.333,0.6,2.6,.250,2.2,5.9,.370,1.4,1.8,.786,1.8,6.8,8.6,1.8,0.3,0.8,2.0,4.7,7.7
272,Louis King,SF,20,DET,10,0,62,4.6,12.2,.381,2.3,6.4,.364,2.3,5.8,.400,0.0,1.7,.000,0.6,5.2,5.8,2.9,1.2,0.0,1.2,5.8,11.6
273,Maxi Kleber,PF,28,DAL,74,21,1890,4.5,9.8,.461,2.3,6.1,.373,2.2,3.7,.605,1.5,1.8,.849,2.1,5.3,7.4,1.7,0.5,1.6,1.1,3.4,12.8
274,Brandon Knight,SG-PG,28,TOT,25,3,462,4.6,13.0,.353,3.5,10.2,.344,1.1,2.8,.389,1.6,2.6,.588,0.3,2.9,3.2,5.4,0.8,0.2,3.0,3.1,14.3
275,Kevin Knox,SF,20,NYK,65,4,1166,4.4,12.4,.359,2.0,6.1,.327,2.4,6.2,.391,2.0,3.1,.653,0.9,4.8,5.7,1.9,0.7,0.9,1.4,3.3,12.9
276,John Konchar,SG,23,MEM,19,0,181,4.8,7.4,.649,1.0,2.0,.500,3.8,5.4,.704,0.2,0.4,.500,3.6,5.8,9.3,4.4,1.4,0.6,1.4,1.4,10.7
277,Furkan Korkmaz,SG,22,PHI,72,12,1559,5.6,13.0,.430,3.3,8.2,.402,2.3,4.8,.478,1.8,2.4,.755,0.4,3.5,3.9,1.8,0.9,0.4,1.4,2.3,16.3
278,Luke Kornet,C,24,CHI,36,14,559,5.3,12.0,.439,2.0,7.0,.287,3.3,5.1,.646,1.3,1.8,.714,1.4,4.0,5.4,2.1,0.7,1.7,0.9,3.5,13.8
279,Kyle Korver,SF,38,MIL,58,1,960,4.7,11.0,.430,3.7,8.9,.418,1.0,2.1,.482,1.3,1.5,.854,0.6,4.0,4.6,2.5,1.0,0.5,1.8,2.9,14.5
280,Rodions Kurucs,PF,21,BRK,47,9,684,4.2,9.3,.446,1.7,4.7,.367,2.4,4.6,.529,1.3,2.0,.632,1.3,5.9,7.2,2.7,1.3,0.3,2.4,4.7,11.3
281,Kyle Kuzma,PF,24,LAL,61,9,1526,6.9,15.8,.436,2.0,6.4,.316,4.8,9.3,.518,2.7,3.7,.735,1.2,5.2,6.4,1.9,0.7,0.6,2.1,3.0,18.4
282,Skal Labissière,C,23,POR,33,1,567,5.1,9.3,.551,0.2,0.8,.231,5.0,8.5,.582,1.6,2.1,.758,4.1,6.6,10.7,2.7,0.4,2.0,1.9,5.7,12.1
283,Jeremy Lamb,SG,27,IND,46,42,1291,6.0,13.4,.451,1.5,4.4,.335,4.5,9.0,.508,2.6,3.1,.836,0.7,4.9,5.6,2.7,1.5,0.6,1.4,2.9,16.1
284,Romeo Langford,SG,20,BOS,32,2,370,2.7,7.8,.350,0.5,2.6,.185,2.2,5.2,.434,1.8,2.4,.720,1.5,2.5,4.0,1.3,0.8,0.8,1.1,3.2,7.7
285,Zach LaVine,SG,24,CHI,60,60,2085,9.3,20.7,.450,3.2,8.4,.380,6.1,12.3,.497,4.6,5.8,.802,0.7,4.3,5.0,4.4,1.5,0.5,3.6,2.3,26.4
286,Vic Law,PF,24,ORL,8,0,62,3.5,10.5,.333,0.6,4.1,.143,2.9,6.4,.455,1.2,3.5,.333,1.2,5.2,6.4,1.7,1.2,0.0,1.2,3.5,8.7
287,Jake Layman,SF,25,MIN,23,2,505,5.8,12.8,.453,1.7,5.1,.333,4.1,7.6,.533,1.7,2.3,.750,1.2,2.9,4.1,1.1,1.2,0.7,1.7,3.4,15.0
288,T.J. Leaf,PF,22,IND,28,1,222,5.8,13.9,.419,0.8,2.9,.278,5.0,11.0,.456,1.1,2.6,.438,3.7,7.8,11.5,1.5,1.6,0.6,1.3,3.6,13.6
289,Jalen Lecque,SG,19,PHO,5,0,32,4.5,11.3,.400,0.0,4.5,.000,4.5,6.8,.667,2.3,2.3,1.000,0.0,2.3,2.3,2.3,0.0,0.0,2.3,3.4,11.3
290,Courtney Lee,SG,34,DAL,24,9,345,4.2,8.6,.488,2.2,4.9,.447,2.0,3.7,.543,0.6,0.7,.857,0.7,2.6,3.3,1.3,1.9,0.6,1.1,3.4,11.2
291,Damion Lee,SG,27,GSW,49,36,1423,5.4,12.9,.417,2.2,6.0,.356,3.2,6.9,.471,2.8,3.2,.873,0.8,5.2,6.0,3.4,1.3,0.2,1.7,2.9,15.7
292,Alex Len,C,26,TOT,55,12,970,6.6,11.8,.555,0.6,2.2,.271,6.0,9.6,.619,2.5,3.9,.648,3.7,8.2,11.9,1.9,0.9,1.8,2.0,4.7,16.3
293,Kawhi Leonard,SF,28,LAC,57,57,1848,10.4,22.1,.470,2.4,6.3,.378,8.0,15.7,.506,6.9,7.8,.886,1.1,6.8,7.8,5.5,2.0,0.6,2.9,2.2,30.1
294,Meyers Leonard,C,27,MIA,51,49,1034,4.1,8.1,.509,1.8,4.5,.414,2.3,3.7,.623,0.6,1.0,.643,1.0,8.0,9.1,1.9,0.5,0.5,1.4,3.7,10.8
295,Caris LeVert,SG,25,BRK,45,31,1330,8.4,19.8,.425,2.2,6.0,.364,6.3,13.9,.451,3.8,5.3,.711,1.3,3.8,5.1,5.4,1.4,0.3,3.2,2.2,22.8
296,Damian Lillard,PG,29,POR,66,66,2474,9.1,19.6,.463,3.9,9.8,.401,5.2,9.8,.524,6.7,7.5,.888,0.5,3.7,4.1,7.7,1.0,0.3,2.8,1.7,28.8
297,Nassir Little,PF,19,POR,48,5,573,4.1,9.5,.430,0.9,3.7,.237,3.2,5.8,.554,1.8,2.8,.636,1.9,4.8,6.8,1.4,0.8,0.9,0.9,4.5,10.8
298,Kevon Looney,C,23,GSW,20,4,262,4.0,10.9,.367,0.1,1.9,.071,3.8,8.9,.431,1.2,1.6,.750,3.8,5.2,9.1,2.7,1.6,0.8,1.6,4.7,9.3
299,Brook Lopez,C,31,MIL,68,67,1817,5.8,13.3,.435,2.0,6.4,.314,3.8,6.9,.549,2.5,3.0,.836,1.1,5.0,6.2,2.0,0.9,3.2,1.4,3.2,16.1
300,Robin Lopez,C,31,MIL,66,5,958,5.5,11.2,.492,1.3,3.9,.333,4.2,7.3,.577,1.1,2.0,.528,2.1,3.9,6.1,1.7,0.4,1.7,2.4,3.6,13.4
301,Kevin Love,PF,31,CLE,56,56,1780,6.6,14.7,.450,3.0,7.9,.374,3.7,6.8,.537,3.8,4.4,.854,1.1,10.0,11.1,3.6,0.7,0.4,2.8,1.8,20.0
302,Kyle Lowry,PG,33,TOR,58,58,2098,5.7,13.8,.416,2.8,8.0,.352,2.9,5.8,.504,5.0,5.9,.857,0.5,4.5,5.0,7.4,1.4,0.4,3.1,3.3,19.3
303,Timothé Luwawu-Cabarrot,SF,24,BRK,47,2,853,4.9,11.4,.435,2.6,6.8,.388,2.3,4.6,.505,2.9,3.4,.852,1.2,4.1,5.4,1.2,0.8,0.3,1.6,4.5,15.4
304,Trey Lyles,PF,24,SAS,63,53,1271,4.3,9.7,.446,1.8,4.8,.387,2.5,5.0,.503,0.9,1.3,.733,2.0,8.2,10.2,2.0,0.8,0.8,1.1,2.8,11.4
305,Daryl Macon,PG,24,MIA,4,0,14,2.6,7.7,.333,2.6,5.1,.500,0.0,2.6,.000,0.0,0.0,,0.0,0.0,0.0,2.6,0.0,0.0,5.1,2.6,7.7
306,J.P. Macura,SG,24,CLE,1,0,1,0.0,0.0,,0.0,0.0,,0.0,0.0,,0.0,0.0,,0.0,0.0,0.0,0.0,0.0,0.0,0.0,0.0,0.0
307,Josh Magette,PG,30,ORL,8,0,38,4.7,14.2,.333,0.9,3.8,.250,3.8,10.4,.364,0.9,1.9,.500,0.9,4.7,5.7,4.7,2.8,0.9,4.7,3.8,11.4
308,Ian Mahinmi,C,33,WAS,38,35,808,4.6,9.4,.495,0.2,1.2,.192,4.4,8.2,.538,3.1,5.0,.619,3.5,6.2,9.7,2.2,1.4,2.0,2.0,5.1,12.6
309,Thon Maker,C,22,DET,60,14,776,4.3,9.0,.482,1.0,3.0,.344,3.3,6.0,.550,3.4,5.1,.664,2.5,5.2,7.7,2.0,1.2,1.8,2.1,4.7,13.0
310,Terance Mann,SF,23,LAC,41,6,362,3.7,7.9,.468,0.7,2.0,.350,3.0,5.9,.508,1.8,2.7,.667,1.0,4.5,5.5,5.3,1.1,0.5,1.8,4.6,9.8
311,Boban Marjanović,C,31,DAL,44,5,422,10.3,18.0,.573,0.3,1.5,.235,10.0,16.5,.603,3.7,4.9,.754,5.6,11.2,16.8,1.7,0.7,0.9,2.6,4.8,24.7
312,Lauri Markkanen,PF,22,CHI,50,50,1492,6.1,14.3,.425,2.6,7.6,.344,3.4,6.6,.518,3.0,3.7,.824,1.4,6.1,7.6,1.8,1.0,0.6,2.0,2.3,17.8
313,Caleb Martin,SF,24,CHO,18,1,317,4.2,9.5,.440,2.3,4.2,.541,1.9,5.3,.362,1.9,2.4,.810,1.1,3.2,4.3,2.6,1.4,0.8,1.7,3.6,12.6
314,Cody Martin,SF,24,CHO,48,3,903,3.5,8.3,.430,0.7,3.1,.234,2.8,5.2,.546,1.7,2.6,.646,1.5,4.8,6.3,3.8,1.6,0.4,1.8,3.1,9.5
315,Jeremiah Martin,PG,23,BRK,9,0,99,8.7,19.3,.453,1.8,6.5,.278,6.9,12.7,.543,4.0,5.1,.786,0.4,3.3,3.6,6.5,2.5,0.7,1.5,2.5,23.3
316,Kelan Martin,SF,24,MIN,31,4,495,5.2,13.2,.392,1.8,7.0,.260,3.3,6.2,.541,2.2,2.3,.968,0.9,6.1,7.0,1.7,0.5,0.7,1.5,3.7,14.3
317,Frank Mason III,PG,25,MIL,9,0,118,7.0,15.6,.451,1.8,6.4,.286,5.2,9.2,.567,3.1,5.2,.588,1.5,4.3,5.8,8.8,1.5,0.3,3.4,3.4,18.9
318,Garrison Mathews,SG,23,WAS,18,0,227,3.8,8.9,.429,3.0,7.3,.413,0.8,1.6,.500,4.9,5.4,.912,1.0,2.9,3.8,1.6,1.3,0.2,1.3,5.1,15.5
319,Wesley Matthews,SG,33,MIL,67,67,1635,3.7,9.3,.396,2.4,6.5,.364,1.3,2.8,.472,1.1,1.5,.765,0.5,3.2,3.7,2.0,0.8,0.2,0.9,2.3,10.9
320,Luc Mbah a Moute,PF,33,HOU,3,0,25,2.9,7.2,.400,0.0,2.9,.000,2.9,4.3,.667,1.4,2.9,.500,1.4,1.4,2.9,0.0,2.9,0.0,1.4,0.0,7.2
321,Patrick McCaw,SF,24,TOR,37,12,908,2.7,6.4,.414,0.9,2.8,.324,1.7,3.6,.484,0.5,0.7,.722,0.8,2.7,3.4,3.1,1.5,0.2,1.1,2.4,6.7
322,CJ McCollum,SG,28,POR,70,70,2556,8.6,19.1,.451,2.7,7.2,.379,5.9,11.9,.494,2.0,2.6,.757,0.6,3.5,4.2,4.4,0.8,0.6,1.8,2.6,21.9
323,T.J. McConnell,PG,27,IND,71,3,1326,5.8,11.2,.516,0.1,0.5,.294,5.6,10.7,.525,1.0,1.1,.833,1.0,4.1,5.1,9.6,1.5,0.3,2.7,2.0,12.6
324,Jalen McDaniels,SF,22,CHO,16,0,293,4.1,8.6,.471,1.1,2.9,.375,2.9,5.7,.522,1.7,2.1,.824,1.8,6.1,8.0,1.6,1.0,0.4,1.4,4.4,10.9
325,Doug McDermott,PF,28,IND,69,0,1372,7.0,14.4,.488,3.4,7.7,.435,3.6,6.6,.549,1.3,1.5,.828,0.7,3.9,4.6,2.0,0.3,0.1,1.1,3.1,18.6
326,JaVale McGee,C,32,LAL,68,68,1130,6.2,9.7,.637,0.1,0.2,.500,6.1,9.6,.640,1.7,2.6,.646,4.0,8.4,12.4,1.2,1.1,3.0,1.8,5.1,14.2
327,Rodney McGruder,SG,28,LAC,56,4,871,3.0,7.5,.398,1.0,3.7,.270,2.0,3.8,.522,0.8,1.4,.559,1.2,5.0,6.2,1.5,1.1,0.3,1.0,3.1,7.7
328,Alfonzo McKinnie,SF,27,CLE,40,1,593,4.4,10.4,.427,0.8,3.9,.215,3.6,6.4,.557,1.3,1.9,.710,2.2,4.6,6.9,0.8,1.4,0.5,1.6,4.4,11.0
329,Jordan McLaughlin,PG,23,MIN,30,2,590,5.3,10.9,.489,1.8,4.6,.382,3.5,6.2,.569,1.6,2.4,.667,0.4,2.6,3.0,7.6,2.1,0.2,1.9,1.9,14.0
330,Ben McLemore,SF,26,HOU,71,23,1619,5.4,12.1,.444,4.0,10.1,.400,1.4,2.1,.656,1.1,1.5,.746,0.5,3.0,3.5,1.3,1.0,0.4,1.1,3.4,15.9
331,Jordan McRae,SG,28,TOT,37,4,784,6.8,16.8,.407,2.1,5.8,.357,4.8,11.0,.433,3.8,5.0,.761,0.8,4.9,5.7,4.3,1.0,0.7,2.0,3.4,19.6
332,Nicolò Melli,C,29,NOP,60,8,1042,4.7,11.2,.421,2.4,7.1,.335,2.3,4.0,.573,1.9,2.5,.740,1.3,4.9,6.2,2.8,1.2,0.8,1.6,4.3,13.6
333,De'Anthony Melton,PG,21,MEM,60,8,1167,5.0,12.4,.401,1.2,4.3,.286,3.7,8.1,.464,2.9,3.7,.769,1.3,5.5,6.8,5.4,2.4,0.6,2.6,3.4,14.0
334,Chimezie Metu,C,22,SAS,18,0,105,8.2,14.4,.571,0.0,0.7,.000,8.2,13.7,.600,3.4,4.5,.769,4.1,7.2,11.3,3.4,1.0,2.1,3.4,2.4,19.9
335,Khris Middleton,SF,28,MIL,62,59,1853,9.2,18.4,.497,2.9,6.9,.415,6.3,11.5,.546,4.0,4.4,.916,0.9,6.6,7.4,5.1,1.0,0.1,2.7,2.8,25.2
336,Eric Mika,C,25,SAC,1,0,19,3.8,5.7,.667,0.0,0.0,,3.8,5.7,.667,3.8,3.8,1.000,3.8,9.5,13.3,0.0,0.0,0.0,0.0,9.5,11.4
337,C.J. Miles,SF,32,WAS,10,0,161,4.2,13.2,.322,2.5,7.8,.314,1.8,5.4,.333,3.4,4.5,.750,0.9,1.8,2.7,2.7,2.2,0.9,0.9,3.1,14.3
338,Malcolm Miller,SF,26,TOR,28,1,162,2.7,6.4,.414,1.8,4.9,.364,0.9,1.6,.571,0.7,1.8,.375,0.4,3.1,3.6,2.4,1.1,0.4,0.9,4.0,7.8
339,Patty Mills,PG,31,SAS,66,1,1485,6.3,14.5,.431,3.7,9.8,.382,2.5,4.7,.533,2.4,2.7,.866,0.5,2.1,2.6,2.9,1.3,0.1,1.3,2.5,18.6
340,Paul Millsap,PF,34,DEN,51,48,1240,6.1,12.7,.482,1.6,3.6,.435,4.6,9.1,.500,3.3,4.1,.816,2.8,5.7,8.5,2.4,1.3,0.9,2.0,4.4,17.2
341,Shake Milton,SG,23,PHI,40,24,805,6.0,12.4,.484,2.6,6.0,.430,3.4,6.4,.535,2.3,2.9,.785,0.7,3.3,3.9,4.7,0.9,0.3,2.1,4.1,16.9
342,Donovan Mitchell,SG,23,UTA,69,69,2364,9.2,20.4,.449,2.6,7.2,.366,6.5,13.2,.494,4.2,4.9,.863,0.8,3.8,4.6,4.5,1.1,0.2,2.8,2.6,25.2
343,Naz Mitrou-Long,SG,26,IND,5,0,47,4.6,13.0,.353,1.5,9.2,.167,3.1,3.8,.800,0.0,0.0,,0.0,5.4,5.4,6.1,0.8,0.8,2.3,1.5,10.7
344,Adam Mokoka,SF,21,CHI,11,0,112,3.9,9.0,.429,1.9,4.8,.400,1.9,4.2,.462,0.6,1.3,.500,2.3,1.0,3.2,1.3,1.3,0.0,0.6,5.5,10.3
345,Malik Monk,SG,21,CHO,55,1,1169,6.5,15.0,.434,1.8,6.3,.284,4.7,8.7,.542,2.5,3.1,.820,0.8,4.0,4.8,3.5,0.8,0.5,2.4,2.3,17.4
346,Matt Mooney,SG,22,CLE,4,0,19,1.9,7.6,.250,0.0,3.8,.000,1.9,3.8,.500,0.0,0.0,,0.0,5.7,5.7,1.9,3.8,1.9,0.0,1.9,3.8
347,E'Twaun Moore,SG,30,NOP,56,6,1020,6.6,15.4,.426,2.2,5.9,.377,4.3,9.5,.456,1.1,1.6,.689,1.1,3.5,4.6,2.8,1.1,0.4,1.4,2.8,16.4
348,Ja Morant,PG,20,MEM,67,67,2074,7.8,16.3,.477,1.0,3.1,.335,6.7,13.2,.511,4.1,5.3,.776,0.9,3.6,4.5,8.5,1.0,0.3,3.8,1.9,20.7
349,Juwan Morgan,PF,22,UTA,21,0,134,4.0,7.0,.577,0.8,2.1,.375,3.2,4.8,.667,0.8,1.1,.750,2.7,5.1,7.8,1.6,0.3,0.5,1.6,5.1,9.7
350,Marcus Morris,SF-PF,30,TOT,62,62,1936,6.6,15.1,.438,2.6,6.5,.408,4.0,8.6,.461,3.4,4.1,.823,1.1,4.7,5.8,1.6,0.9,0.6,1.8,3.3,19.2
351,Markieff Morris,PF,30,TOT,58,17,1187,6.2,13.9,.443,2.7,6.9,.386,3.5,7.0,.500,2.0,2.6,.776,1.2,5.4,6.6,2.3,0.9,0.5,2.3,4.0,17.0
352,Monte Morris,PG,24,DEN,73,12,1636,5.7,12.5,.459,1.4,3.8,.378,4.3,8.7,.495,1.7,2.0,.843,0.5,2.5,3.0,5.6,1.2,0.4,1.2,1.6,14.5
353,Johnathan Motley,PF,24,LAC,13,0,41,9.7,13.2,.733,0.9,0.9,1.000,8.8,12.3,.714,4.4,6.1,.714,2.6,6.1,8.8,7.0,2.6,0.0,4.4,5.3,24.6
354,Emmanuel Mudiay,PG,23,UTA,54,2,850,6.4,13.8,.462,1.3,3.7,.345,5.1,10.2,.504,2.7,3.5,.759,0.8,4.6,5.3,4.9,1.0,0.4,3.2,3.0,16.7
355,Mychal Mulder,SF,25,GSW,7,3,204,4.6,11.8,.388,2.8,9.2,.308,1.8,2.6,.667,1.6,2.1,.750,0.5,3.5,4.1,1.4,0.4,0.2,0.9,3.5,13.6
356,Dejounte Murray,PG,23,SAS,66,58,1687,6.3,13.6,.462,0.9,2.4,.369,5.4,11.2,.481,1.9,2.4,.798,1.5,6.7,8.2,5.8,2.4,0.4,2.7,3.1,15.4
357,Jamal Murray,PG,22,DEN,59,59,1904,7.7,16.9,.456,2.1,6.1,.346,5.6,10.8,.519,3.1,3.5,.881,0.9,3.6,4.5,5.4,1.3,0.3,2.4,1.9,20.6
358,Džanan Musa,SF,20,BRK,40,0,487,4.7,12.7,.372,1.4,5.8,.244,3.3,6.9,.479,3.3,4.4,.750,1.6,4.8,6.4,3.2,1.1,0.1,2.7,2.2,14.2
359,Mike Muscala,C,28,OKC,47,2,572,4.8,11.9,.407,3.4,9.0,.378,1.4,2.9,.500,1.1,1.4,.818,1.0,5.8,6.8,2.5,0.6,0.8,1.1,3.7,14.2
360,Sviatoslav Mykhailiuk,SF,22,DET,56,27,1265,4.7,11.5,.410,3.3,8.1,.404,1.5,3.4,.425,1.6,2.0,.814,0.5,2.5,3.0,3.0,1.2,0.1,1.7,2.5,14.3
361,Abdel Nader,SF,26,OKC,55,6,867,5.1,10.9,.468,2.0,5.3,.375,3.1,5.6,.556,2.1,2.7,.773,0.6,3.6,4.2,1.6,1.0,0.8,1.8,3.2,14.3
362,Larry Nance Jr.,PF,27,CLE,56,10,1472,5.6,10.5,.531,1.4,3.9,.352,4.2,6.7,.636,1.2,1.8,.676,2.6,7.4,10.0,3.0,1.4,0.5,1.5,2.2,13.8
363,Shabazz Napier,PG,28,TOT,56,32,1344,5.0,12.2,.412,2.0,6.4,.317,3.0,5.8,.519,3.4,4.1,.824,0.7,3.5,4.2,7.0,1.8,0.3,3.4,2.7,15.5
364,Raul Neto,PG,27,PHI,54,3,668,5.4,12.0,.455,1.8,4.7,.386,3.6,7.2,.500,2.1,2.5,.830,0.6,2.7,3.3,5.1,1.3,0.3,2.5,2.7,14.8
365,Malik Newman,SG,22,CLE,1,0,4,0.0,18.0,.000,0.0,9.0,.000,0.0,9.0,.000,18.0,18.0,1.000,0.0,0.0,0.0,0.0,0.0,0.0,9.0,0.0,18.0
366,Georges Niang,PF,26,UTA,66,1,923,5.5,12.6,.438,3.5,8.8,.400,2.0,3.8,.526,0.8,0.9,.833,0.6,4.4,5.0,1.7,0.7,0.2,1.2,2.9,15.3
367,Joakim Noah,C,34,LAC,5,0,50,2.9,5.8,.500,0.0,0.0,,2.9,5.8,.500,4.3,5.8,.750,3.6,7.9,11.5,5.0,0.7,0.7,4.3,6.5,10.1
368,Nerlens Noel,C,25,OKC,61,7,1127,5.9,8.6,.684,0.0,0.1,.333,5.8,8.5,.688,2.6,3.4,.755,2.9,6.7,9.6,1.8,1.9,2.9,2.1,5.3,14.3
369,Zach Norvell,SG,22,TOT,5,0,41,2.6,10.5,.250,2.6,7.0,.375,0.0,3.5,.000,0.9,0.9,1.000,0.0,5.3,5.3,2.6,1.8,0.0,2.6,3.5,8.8
370,Jaylen Nowell,SG,20,MIN,15,0,151,4.5,12.6,.358,0.7,6.2,.115,3.8,6.4,.593,3.8,4.1,.941,0.7,2.4,3.1,4.5,0.7,0.2,0.7,2.6,13.6
371,Frank Ntilikina,PG,21,NYK,57,26,1187,4.0,10.1,.393,1.3,4.2,.321,2.6,5.9,.444,1.5,1.8,.864,0.7,3.0,3.7,5.2,1.6,0.5,2.2,4.3,10.8
372,Kendrick Nunn,PG,24,MIA,67,67,1962,7.4,16.8,.439,2.5,7.2,.350,4.8,9.6,.505,1.6,1.8,.850,0.4,2.9,3.3,4.0,1.0,0.3,2.1,2.8,18.8
373,Jusuf Nurkić,C,25,POR,8,8,253,7.7,15.5,.495,0.3,1.4,.200,7.4,14.1,.525,4.4,5.0,.886,3.3,8.4,11.7,4.6,1.6,2.3,2.7,5.5,20.1
374,David Nwaba,SF,27,BRK,20,0,268,5.0,9.5,.521,1.6,3.8,.429,3.4,5.8,.581,2.4,3.6,.667,1.1,5.0,6.0,1.1,1.5,1.6,1.1,4.3,14.0
375,Royce O'Neale,SF,26,UTA,71,62,2049,2.8,6.4,.433,1.6,4.3,.377,1.2,2.1,.545,0.7,1.0,.764,0.5,6.4,6.8,3.2,1.0,0.6,1.1,3.5,7.9
376,Kyle O'Quinn,C,29,PHI,29,2,313,4.8,9.8,.494,0.8,3.1,.259,4.0,6.7,.603,1.3,2.3,.550,3.9,9.4,13.3,5.9,0.8,2.8,2.3,4.3,11.7
377,Semi Ojeleye,PF,25,BOS,69,6,1011,2.8,7.0,.408,1.7,4.5,.378,1.1,2.5,.464,1.0,1.1,.875,0.9,4.2,5.2,1.3,0.7,0.2,0.7,2.8,8.4
378,Jahlil Okafor,C,24,NOP,30,9,467,7.8,12.5,.623,0.1,0.2,.333,7.7,12.3,.629,3.1,4.8,.645,3.7,6.1,9.8,2.9,0.5,1.7,2.9,5.2,18.7
379,Elie Okobo,PG,22,PHO,55,3,719,3.6,9.1,.398,1.3,3.6,.352,2.4,5.5,.427,2.5,3.6,.704,0.8,3.7,4.5,5.8,1.2,0.2,1.9,2.7,11.0
380,Josh Okogie,SG,21,MIN,62,28,1547,4.0,9.3,.427,1.0,3.6,.266,3.0,5.7,.529,3.5,4.4,.796,2.0,4.2,6.2,2.3,1.6,0.6,2.0,3.2,12.4
381,KZ Okpala,PF,20,MIA,5,0,26,4.2,6.9,.600,0.0,1.4,.000,4.2,5.5,.750,1.4,2.8,.500,1.4,5.5,6.9,1.4,2.8,1.4,1.4,2.8,9.7
382,Victor Oladipo,SG,27,IND,19,16,528,6.6,16.8,.394,2.3,7.1,.317,4.4,9.7,.451,3.3,4.0,.814,0.6,4.5,5.1,3.8,1.2,0.3,3.2,2.5,18.7
383,Kelly Olynyk,C,28,MIA,67,9,1300,5.1,11.0,.462,2.6,6.5,.406,2.5,4.5,.543,2.4,2.8,.860,1.2,7.2,8.4,3.2,1.2,0.6,2.0,4.8,15.2
384,Miye Oni,SF,22,UTA,10,1,109,4.0,10.6,.375,2.3,6.3,.368,1.7,4.3,.385,1.3,1.7,.800,1.7,4.0,5.6,1.3,1.3,0.7,1.3,3.0,11.6
385,Cedi Osman,SF,24,CLE,65,65,1910,5.0,11.5,.437,2.3,6.1,.383,2.7,5.4,.497,1.2,1.8,.670,0.7,3.6,4.4,2.9,1.0,0.3,1.7,3.0,13.5
386,Kelly Oubre Jr.,SF,24,PHO,56,55,1933,6.9,15.4,.452,2.0,5.7,.352,4.9,9.7,.511,3.6,4.6,.780,1.2,5.5,6.7,1.6,1.3,0.7,1.5,3.6,19.5
387,Tariq Owens,PF,24,PHO,3,0,15,2.4,12.0,.200,0.0,4.8,.000,2.4,7.2,.333,4.8,4.8,1.000,4.8,2.4,7.2,0.0,2.4,0.0,0.0,2.4,9.6
388,Jeremy Pargo,PG,33,GSW,3,0,44,9.0,18.0,.500,2.5,5.7,.429,6.5,12.3,.533,0.0,0.8,.000,0.8,1.6,2.5,6.5,0.8,0.0,3.3,6.5,20.5
389,Jabari Parker,PF,24,TOT,38,23,917,8.6,16.8,.510,1.3,4.7,.269,7.3,12.2,.603,2.4,3.2,.753,2.4,6.0,8.4,2.7,1.8,0.6,2.5,3.9,20.8
390,Chandler Parsons,PF,31,ATL,5,0,54,3.3,12.0,.278,2.7,9.3,.286,0.7,2.7,.250,0.0,0.0,,0.7,4.0,4.7,2.0,2.7,0.7,2.0,2.0,9.3
391,Eric Paschall,PF,23,GSW,60,26,1654,6.9,13.9,.497,0.8,2.8,.287,6.1,11.1,.550,3.6,4.6,.774,1.8,4.2,6.0,2.8,0.7,0.3,2.0,2.7,18.2
392,Anžejs Pasečņiks,C,24,WAS,27,0,437,5.0,9.6,.526,0.0,0.2,.000,5.0,9.3,.540,2.8,4.8,.586,3.5,5.4,8.8,1.5,0.7,1.0,2.0,6.2,12.9
393,Patrick Patterson,PF,30,LAC,59,18,776,4.4,10.8,.408,3.1,8.0,.390,1.3,2.8,.459,1.6,2.0,.814,1.6,5.4,7.0,1.9,0.3,0.1,1.0,2.5,13.5
394,Justin Patton,C,22,OKC,5,0,24,6.0,15.0,.400,1.5,6.0,.250,4.5,9.0,.500,0.0,0.0,,1.5,6.0,7.5,3.0,0.0,0.0,3.0,6.0,13.5
395,Chris Paul,PG,34,OKC,70,70,2208,7.1,14.5,.489,1.8,5.0,.365,5.3,9.5,.554,4.1,4.5,.907,0.4,5.3,5.7,7.7,1.8,0.2,2.6,2.6,20.1
396,Cameron Payne,SG,25,PHO,8,0,183,6.5,13.4,.485,3.0,5.7,.517,3.5,7.7,.462,1.2,1.4,.857,0.8,5.3,6.1,4.7,1.6,0.4,2.2,3.9,17.1
397,Elfrid Payton,PG,25,NYK,45,36,1246,5.6,12.7,.439,0.4,2.0,.203,5.2,10.7,.482,1.4,2.5,.570,1.5,4.6,6.1,9.3,2.0,0.5,2.8,2.6,13.0
398,Gary Payton II,SF,27,WAS,29,17,432,4.0,9.7,.414,1.1,3.8,.283,2.9,5.8,.500,0.3,0.7,.500,2.2,4.5,6.7,4.0,2.7,0.6,1.7,4.5,9.4
399,Norvel Pelle,C,26,PHI,24,0,232,3.9,7.4,.521,0.0,0.2,.000,3.9,7.3,.532,1.1,2.2,.500,3.1,8.1,11.2,1.2,0.5,4.8,2.8,8.5,8.8
400,Theo Pinson,SG,24,BRK,33,0,365,4.4,15.3,.290,1.5,7.9,.188,3.0,7.4,.400,1.5,1.6,.938,1.0,4.3,5.3,5.5,1.7,0.4,3.3,3.5,11.8
401,Mason Plumlee,C,29,DEN,61,1,1057,6.0,9.8,.615,0.0,0.2,.000,6.0,9.6,.625,2.8,5.3,.535,3.3,7.5,10.8,5.2,1.1,1.3,2.8,4.9,14.9
402,Jakob Poeltl,C,24,SAS,66,18,1171,5.1,8.2,.624,0.0,0.0,,5.1,8.2,.624,1.2,2.6,.465,4.0,7.5,11.5,3.6,1.1,2.9,1.7,3.9,11.4
403,Vincent Poirier,C,26,BOS,22,0,130,4.7,10.0,.472,0.3,0.6,.500,4.4,9.4,.471,1.7,1.9,.857,3.6,8.3,11.9,2.2,0.6,2.5,2.2,6.9,11.4
404,Shamorie Ponds,PG,21,TOR,4,0,11,9.8,16.4,.600,3.3,6.5,.500,6.5,9.8,.667,6.5,6.5,1.000,0.0,3.3,3.3,6.5,0.0,3.3,0.0,6.5,29.5
405,Jordan Poole,SG,20,GSW,57,14,1274,4.7,14.2,.333,2.1,7.5,.279,2.6,6.7,.392,2.7,3.4,.798,0.3,3.1,3.3,3.8,1.0,0.3,2.1,2.7,14.2
406,Kevin Porter Jr.,SF,19,CLE,50,3,1162,5.8,13.0,.442,1.6,4.9,.335,4.1,8.1,.506,2.3,3.1,.723,0.7,4.3,5.0,3.4,1.4,0.4,2.9,4.2,15.4
407,Michael Porter Jr.,SF,21,DEN,55,8,903,7.8,15.3,.509,2.5,5.9,.422,5.3,9.4,.564,2.4,2.9,.833,2.6,7.7,10.3,1.8,1.1,1.0,2.0,4.0,20.4
408,Otto Porter,SF,26,CHI,14,9,331,6.7,15.2,.443,2.6,6.7,.387,4.1,8.5,.487,2.1,2.9,.704,1.4,3.8,5.2,2.7,1.6,0.7,1.2,3.4,18.2
409,Bobby Portis,PF,24,NYK,66,5,1393,6.8,15.2,.450,1.7,4.8,.358,5.1,10.4,.493,1.8,2.4,.763,2.1,6.7,8.7,2.5,0.8,0.5,1.9,2.8,17.3
410,Kristaps Porziņģis,C,24,DAL,57,57,1814,7.9,18.5,.427,2.8,8.0,.352,5.1,10.5,.484,4.5,5.6,.799,2.0,8.7,10.7,2.0,0.8,2.3,1.8,3.7,23.1
411,Dwight Powell,C,28,DAL,40,37,1061,5.0,7.8,.638,0.3,1.3,.256,4.6,6.4,.716,2.5,3.8,.667,2.5,5.2,7.7,2.0,1.2,0.7,1.2,3.5,12.8
412,Norman Powell,SG,26,TOR,52,26,1479,7.2,14.6,.495,2.7,6.6,.399,4.6,7.9,.575,3.1,3.7,.843,0.6,4.0,4.6,2.2,1.5,0.5,1.9,2.6,20.2
413,Taurean Prince,PF,25,BRK,64,61,1857,5.4,14.3,.376,2.8,8.4,.339,2.6,6.0,.429,1.4,1.7,.798,1.0,6.4,7.4,2.2,1.1,0.5,2.5,3.1,15.0
414,Chasson Randle,PG,26,GSW,3,0,40,0.0,3.6,.000,0.0,1.8,.000,0.0,1.8,.000,4.5,5.4,.833,0.0,1.8,1.8,4.5,1.8,0.0,0.0,2.7,4.5
415,Julius Randle,PF,25,NYK,64,64,2080,8.0,17.4,.460,1.1,4.0,.277,6.9,13.4,.515,4.5,6.1,.733,2.6,8.2,10.8,3.4,0.9,0.4,3.3,3.1,21.6
416,Josh Reaves,SF,22,DAL,4,0,28,3.9,11.6,.333,0.0,2.6,.000,3.9,9.0,.429,2.6,2.6,1.000,1.3,2.6,3.9,3.9,0.0,0.0,0.0,6.4,10.3
417,Cam Reddish,SF,20,ATL,58,34,1551,4.9,12.9,.384,1.9,5.8,.332,3.0,7.1,.428,2.3,2.9,.802,0.8,4.2,5.0,2.0,1.4,0.6,2.2,3.1,14.2
418,J.J. Redick,SG,35,NOP,60,36,1581,6.5,14.4,.453,4.1,9.0,.453,2.4,5.3,.453,3.8,4.2,.892,0.2,3.2,3.4,2.7,0.5,0.2,1.7,2.2,20.9
419,Naz Reid,C,20,MIN,30,11,495,7.3,17.7,.412,2.3,7.1,.330,4.9,10.6,.466,2.7,3.9,.698,2.5,6.5,9.0,2.5,1.4,1.6,1.6,6.0,19.6
420,Josh Richardson,SG,26,PHI,55,53,1693,5.9,13.7,.430,1.8,5.3,.341,4.1,8.4,.486,2.4,3.0,.809,0.9,2.8,3.7,3.4,1.1,0.8,2.2,2.9,16.1
421,Austin Rivers,SG,27,HOU,68,4,1594,4.8,11.3,.421,2.2,6.1,.356,2.6,5.2,.498,1.8,2.5,.703,0.6,3.3,4.0,2.6,1.1,0.2,1.1,2.9,13.5
422,Andre Roberson,SF,28,OKC,7,0,87,3.3,12.0,.276,1.2,5.8,.214,2.1,6.2,.333,0.4,0.8,.500,2.9,8.3,11.2,1.7,0.4,1.2,0.8,5.4,8.3
423,Duncan Robinson,SG,25,MIA,73,68,2166,5.4,11.4,.470,4.5,10.1,.446,0.9,1.3,.654,1.1,1.2,.931,0.2,3.7,3.9,1.7,0.6,0.3,1.2,3.2,16.3
424,Glenn Robinson III,SF,26,TOT,62,52,1786,5.8,11.9,.486,1.6,4.0,.391,4.3,8.0,.534,1.5,1.7,.860,1.6,3.8,5.4,1.9,1.1,0.3,1.1,2.0,14.7
425,Jerome Robinson,SG,22,TOT,63,6,979,4.2,11.4,.371,1.8,5.6,.320,2.4,5.8,.420,1.5,2.1,.702,0.5,4.3,4.7,3.2,1.0,0.6,1.8,4.1,11.7
426,Justin Robinson,PG,22,WAS,9,0,49,3.7,8.8,.417,2.2,3.7,.600,1.5,5.1,.286,0.0,0.0,,0.7,2.9,3.7,5.1,0.0,0.7,2.2,1.5,9.6
427,Mitchell Robinson,C,21,NYK,61,7,1412,6.5,8.7,.742,0.0,0.0,,6.5,8.7,.742,2.1,3.8,.568,4.7,6.2,10.9,0.9,1.3,3.0,0.9,4.9,15.0
428,Isaiah Roby,PF,21,OKC,3,0,11,0.0,3.3,.000,0.0,0.0,,0.0,3.3,.000,0.0,0.0,,0.0,6.5,6.5,0.0,0.0,0.0,3.3,3.3,0.0
429,Rajon Rondo,PG,33,LAL,48,3,984,5.0,12.0,.418,1.5,4.6,.328,3.5,7.4,.473,1.0,1.5,.659,0.8,4.4,5.2,8.8,1.5,0.1,3.3,2.1,12.5
430,Derrick Rose,PG,31,DET,50,15,1298,10.2,20.9,.490,1.2,4.1,.306,9.0,16.8,.535,3.4,3.9,.871,0.7,2.6,3.4,7.7,1.1,0.4,3.5,1.4,25.1
431,Terrence Ross,SG,28,ORL,69,0,1889,6.5,16.1,.403,3.4,9.6,.351,3.1,6.5,.480,3.0,3.5,.853,0.2,4.0,4.2,1.6,1.5,0.5,1.3,2.1,19.4
432,Terry Rozier,PG,25,CHO,63,63,2164,6.6,15.7,.423,2.9,7.0,.407,3.8,8.6,.436,2.8,3.2,.874,0.8,3.8,4.6,4.3,1.0,0.2,2.3,2.1,18.9
433,Ricky Rubio,PG,29,PHO,65,65,2016,5.1,12.4,.415,1.4,3.9,.361,3.7,8.5,.439,3.5,4.0,.863,0.8,4.6,5.4,10.2,1.7,0.2,3.1,3.0,15.1
434,D'Angelo Russell,PG,23,TOT,45,45,1452,8.9,21.0,.426,3.9,10.7,.367,5.0,10.3,.487,4.0,4.9,.809,0.4,4.0,4.4,7.1,1.2,0.3,3.6,2.1,25.8
435,Domantas Sabonis,PF,23,IND,62,62,2159,7.6,14.1,.540,0.3,1.1,.254,7.4,13.0,.565,3.6,4.9,.723,3.2,9.7,12.9,5.2,0.8,0.5,2.8,3.3,19.1
436,Luka Šamanić,PF,20,SAS,3,1,48,3.7,12.0,.313,2.3,6.0,.375,1.5,6.0,.250,2.3,3.0,.750,0.7,6.8,7.5,4.5,0.0,1.5,1.5,4.5,12.0
437,JaKarr Sampson,PF,26,IND,34,12,471,5.2,8.8,.591,0.2,1.0,.154,5.0,7.8,.647,1.4,2.1,.667,1.5,5.2,6.7,1.6,1.2,0.9,1.1,4.9,11.9
438,Dario Šarić,PF,25,PHO,66,51,1632,5.6,11.9,.476,1.9,5.2,.357,3.8,6.7,.568,2.4,2.8,.844,2.2,6.8,9.0,2.7,0.8,0.4,1.9,3.4,15.5
439,Tomáš Satoranský,SG,28,CHI,65,64,1878,4.5,10.6,.430,1.2,3.8,.322,3.3,6.7,.491,2.0,2.3,.876,1.5,3.4,4.9,6.8,1.5,0.1,2.5,2.6,12.3
440,Admiral Schofield,PF,22,WAS,33,2,368,3.4,9.0,.380,1.9,6.0,.311,1.6,3.0,.516,1.0,1.5,.667,0.7,3.9,4.6,1.5,0.8,0.4,0.7,4.9,9.7
441,Dennis Schröder,PG,26,OKC,65,2,1999,8.2,17.4,.469,2.3,5.9,.385,5.9,11.5,.513,3.6,4.3,.839,0.3,3.9,4.3,4.7,0.8,0.3,3.0,2.6,22.1
442,Mike Scott,PF,31,PHI,68,11,1207,4.4,10.4,.426,2.4,6.5,.369,2.1,4.0,.519,0.9,1.1,.811,1.9,5.5,7.4,1.7,0.6,0.1,0.8,2.9,12.2
443,Thabo Sefolosha,PF,35,HOU,41,0,436,3.1,7.5,.407,1.2,4.5,.278,1.8,3.1,.595,0.2,0.7,.375,1.7,5.9,7.7,2.1,2.0,1.0,1.2,3.6,7.6
444,Collin Sexton,PG,21,CLE,65,65,2143,8.6,18.2,.472,1.6,4.3,.380,7.0,14.0,.501,3.8,4.5,.846,1.0,2.4,3.4,3.2,1.1,0.1,2.7,2.4,22.7
445,Landry Shamet,SG,22,LAC,53,30,1452,3.9,9.7,.404,2.8,7.3,.375,1.2,2.4,.495,1.6,1.9,.855,0.1,2.3,2.5,2.5,0.5,0.2,1.0,3.5,12.2
446,Marial Shayok,SG,24,PHI,4,0,28,3.9,15.4,.250,2.6,7.7,.333,1.3,7.7,.167,3.9,5.1,.750,1.3,7.7,9.0,1.3,0.0,1.3,3.9,5.1,14.1
447,Iman Shumpert,SF,29,BRK,13,0,241,3.1,9.6,.328,1.2,4.9,.242,1.9,4.6,.419,0.6,1.0,.571,1.3,3.7,5.1,1.8,1.8,0.3,1.5,3.1,8.1
448,Pascal Siakam,PF,25,TOR,60,60,2110,8.5,18.8,.453,2.2,6.2,.359,6.3,12.6,.499,4.1,5.2,.792,1.1,6.4,7.5,3.5,1.0,0.9,2.5,2.9,23.4
449,Chris Silva,PF,23,MIA,44,0,346,5.0,8.1,.615,0.0,0.3,.000,5.0,7.8,.640,3.8,5.7,.673,6.2,6.9,13.1,2.4,0.9,2.2,3.3,8.8,13.8
450,Ben Simmons,PG,23,PHI,57,57,2017,6.7,11.5,.580,0.0,0.1,.286,6.7,11.4,.583,3.3,5.3,.621,2.0,5.9,7.9,8.1,2.1,0.6,3.6,3.3,16.7
451,Anfernee Simons,SG,20,POR,70,4,1449,5.3,13.3,.399,1.9,5.6,.332,3.5,7.7,.448,1.9,2.3,.826,0.6,3.2,3.8,2.4,0.6,0.2,1.5,3.4,14.4
452,Alen Smailagić,C,19,GSW,14,0,139,5.2,10.4,.500,0.8,3.4,.231,4.4,7.0,.630,4.1,4.9,.842,2.6,4.4,7.0,3.4,0.8,1.0,2.8,3.6,15.3
453,Marcus Smart,SG,25,BOS,60,40,1919,4.8,12.8,.375,2.6,7.4,.347,2.2,5.4,.415,2.4,2.9,.836,0.8,3.4,4.2,5.5,1.9,0.5,1.9,3.0,14.6
454,Dennis Smith Jr.,PG,22,NYK,34,3,537,4.8,14.1,.341,1.1,3.6,.296,3.8,10.5,.357,1.8,3.6,.509,1.4,3.8,5.2,6.6,1.9,0.5,3.9,4.4,12.5
455,Ish Smith,PG,31,WAS,68,23,1787,6.2,13.9,.447,1.2,3.4,.367,5.0,10.5,.473,1.2,1.7,.721,0.6,3.8,4.4,6.7,1.2,0.6,1.9,2.1,14.9
456,J.R. Smith,SG,34,LAL,6,0,79,3.2,10.0,.318,0.5,5.0,.091,2.7,5.0,.545,0.9,0.9,1.000,0.0,2.3,2.3,1.4,0.5,0.0,1.8,2.3,7.7
457,Zhaire Smith,SF,20,PHI,7,0,32,3.4,12.4,.273,0.0,3.4,.000,3.4,9.0,.375,2.3,4.5,.500,0.0,2.3,2.3,2.3,3.4,0.0,2.3,4.5,9.0
458,Tony Snell,SF,28,DET,59,57,1641,3.7,8.4,.445,2.2,5.6,.402,1.5,2.8,.531,0.7,0.7,1.000,0.2,2.2,2.4,2.8,0.7,0.3,0.7,2.2,10.4
459,Omari Spellman,C,22,GSW,49,3,886,5.2,12.0,.431,1.7,4.5,.391,3.4,7.5,.454,3.0,3.7,.793,3.1,5.8,8.9,1.9,1.3,1.0,2.2,2.6,15.0
460,Max Strus,SF,23,CHI,2,0,6,12.0,18.0,.667,0.0,6.0,.000,12.0,12.0,1.000,6.0,6.0,1.000,6.0,0.0,6.0,0.0,0.0,0.0,0.0,6.0,30.0
461,Edmond Sumner,SG,24,IND,31,3,447,4.9,11.4,.430,1.1,4.3,.264,3.8,7.2,.528,1.3,2.3,.552,0.9,2.8,3.7,4.4,1.2,0.7,1.8,3.5,12.2
462,Caleb Swanigan,PF-C,22,TOT,27,1,288,3.5,5.9,.596,0.0,0.2,.000,3.5,5.6,.622,1.1,2.1,.529,3.4,9.1,12.5,3.9,0.4,0.9,4.6,7.7,8.1
463,Jayson Tatum,PF,21,BOS,66,66,2265,8.8,19.5,.450,3.0,7.5,.403,5.8,12.0,.480,4.0,5.0,.812,1.0,6.3,7.3,3.2,1.5,0.9,2.5,2.2,24.6
464,Jeff Teague,PG,31,TOT,59,17,1464,5.2,12.0,.436,1.1,2.9,.368,4.2,9.1,.457,4.2,4.8,.873,0.7,2.8,3.5,7.6,1.1,0.5,2.9,2.6,15.8
465,Garrett Temple,SG,33,BRK,62,35,1730,4.6,12.2,.378,2.6,8.0,.329,2.0,4.2,.473,1.5,1.8,.805,0.6,3.9,4.5,3.2,1.0,0.6,1.3,2.2,13.3
466,Daniel Theis,C,27,BOS,65,64,1566,5.5,9.8,.566,0.7,2.2,.333,4.8,7.6,.633,2.0,2.6,.763,3.2,6.6,9.8,2.6,0.9,1.9,1.2,5.0,13.8
467,Isaiah Thomas,PG,30,WAS,40,37,925,6.8,16.6,.408,3.0,7.4,.413,3.7,9.2,.405,2.4,3.0,.816,0.4,2.2,2.6,5.7,0.5,0.2,3.0,3.0,19.0
468,Khyri Thomas,SG,23,DET,8,0,61,3.0,10.0,.294,3.0,8.3,.357,0.0,1.8,.000,1.2,2.4,.500,0.6,0.0,0.6,1.8,1.8,0.0,1.8,5.3,10.0
469,Lance Thomas,PF,31,BRK,7,4,98,2.9,8.4,.348,1.5,4.8,.308,1.5,3.7,.400,1.5,1.5,1.000,0.7,4.0,4.8,2.2,0.0,0.0,2.2,4.0,8.8
470,Matt Thomas,SG,25,TOR,41,1,440,6.0,12.3,.487,3.8,8.1,.475,2.1,4.2,.510,0.7,1.0,.750,0.7,4.3,5.0,1.8,0.8,0.1,1.3,3.1,16.5
471,Tristan Thompson,PF,28,CLE,57,51,1721,6.0,11.8,.512,0.2,0.5,.391,5.8,11.3,.518,2.1,3.4,.615,4.7,7.3,12.1,2.5,0.7,1.0,2.2,2.6,14.3
472,Sindarius Thornwell,SF,25,NOP,2,0,35,6.2,11.3,.545,2.1,4.1,.500,4.1,7.2,.571,2.1,4.1,.500,0.0,4.1,4.1,4.1,1.0,1.0,2.1,2.1,16.5
473,Matisse Thybulle,SG,22,PHI,65,14,1287,3.1,7.4,.423,1.6,4.4,.357,1.6,3.0,.519,0.7,1.1,.610,1.2,1.8,3.0,2.2,2.6,1.3,1.4,3.9,8.5
474,Anthony Tolliver,PF,34,TOT,55,13,872,2.7,7.5,.357,2.0,6.0,.338,0.7,1.5,.432,0.9,1.2,.724,1.4,5.0,6.4,1.7,0.8,0.5,1.4,3.1,8.3
475,Juan Toscano-Anderson,SG,26,GSW,13,6,272,3.8,8.3,.460,1.1,3.0,.348,2.8,5.3,.525,0.4,0.7,.600,1.2,5.7,6.9,3.4,1.7,0.7,2.1,4.0,9.1
476,Karl-Anthony Towns,C,24,MIN,35,35,1187,9.6,18.9,.508,3.5,8.4,.412,6.1,10.5,.586,5.5,6.9,.796,2.9,8.6,11.5,4.6,1.0,1.3,3.3,3.5,28.1
477,Gary Trent Jr.,SF,21,POR,61,8,1332,5.3,11.9,.444,3.0,7.2,.418,2.3,4.7,.486,1.0,1.2,.822,0.7,2.0,2.7,1.6,1.3,0.4,0.6,2.4,14.6
478,Allonzo Trier,SG,24,NYK,24,1,291,6.3,13.1,.481,2.4,6.6,.358,4.0,6.6,.604,4.2,5.3,.791,0.7,2.8,3.6,3.5,0.4,0.5,2.7,3.6,19.2
479,P.J. Tucker,PF,34,HOU,72,72,2467,2.6,6.2,.415,1.6,4.4,.358,1.0,1.9,.551,0.6,0.7,.813,1.6,5.3,6.9,1.7,1.1,0.5,1.1,3.3,7.3
480,Rayjon Tucker,SG,22,UTA,20,0,161,4.5,9.6,.465,0.7,3.8,.176,3.8,5.8,.654,4.2,5.1,.826,0.7,3.8,4.5,1.1,0.2,0.2,1.8,2.2,13.9
481,Evan Turner,SG,31,ATL,19,0,251,3.6,9.6,.373,0.0,0.7,.000,3.6,8.9,.403,1.7,2.0,.857,1.1,4.3,5.5,5.5,1.3,1.1,3.7,2.9,8.9
482,Myles Turner,C,23,IND,62,62,1826,5.3,11.6,.457,1.7,4.9,.344,3.6,6.6,.540,2.5,3.3,.751,1.7,6.3,8.0,1.4,0.9,2.6,1.7,3.3,14.8
483,Jarrod Uthoff,PF,26,TOT,7,0,53,4.8,12.2,.389,2.0,6.1,.333,2.7,6.1,.444,1.4,1.4,1.000,1.4,2.7,4.1,0.0,0.7,0.0,0.0,1.4,12.9
484,Jonas Valančiūnas,C,27,MEM,70,70,1845,8.4,14.4,.585,0.6,1.8,.352,7.8,12.6,.617,2.9,3.9,.740,4.2,11.2,15.4,2.6,0.6,1.5,2.5,3.6,20.4
485,Denzel Valentine,SF,26,CHI,36,5,488,7.2,17.5,.409,3.4,10.1,.336,3.8,7.4,.510,0.4,0.6,.750,0.7,4.8,5.5,3.2,1.9,0.4,1.9,3.8,18.1
486,Jarred Vanderbilt,PF,20,TOT,11,0,46,3.9,6.3,.625,0.0,0.8,.000,3.9,5.5,.714,1.6,1.6,1.000,2.3,4.7,7.0,1.6,2.3,0.8,5.5,4.7,9.4
487,Fred VanVleet,SG,25,TOR,54,54,1928,6.0,14.4,.413,2.7,7.0,.390,3.2,7.5,.434,3.1,3.7,.848,0.3,3.5,3.8,6.7,1.9,0.3,2.3,2.5,17.8
488,Gabe Vincent,PG,23,MIA,9,0,83,3.5,16.0,.216,2.6,11.7,.222,0.9,4.3,.200,0.0,0.0,,0.0,2.2,2.2,2.6,2.2,0.0,0.4,2.6,9.5
489,Noah Vonleh,C,24,TOT,36,1,377,5.0,8.8,.565,0.3,1.4,.200,4.7,7.4,.636,2.4,3.1,.781,3.5,8.3,11.8,2.7,1.1,0.6,2.0,3.8,12.6
490,Nikola Vučević,C,29,ORL,62,62,1998,8.9,18.6,.477,1.8,5.2,.339,7.1,13.4,.531,2.4,3.0,.784,2.5,9.6,12.1,4.0,1.0,0.8,1.6,2.4,21.9
491,Dean Wade,PF,23,CLE,12,0,71,4.6,6.6,.692,1.0,2.0,.500,3.5,4.6,.778,0.0,0.5,.000,1.5,8.1,9.6,1.0,1.0,2.0,1.5,4.1,10.1
492,Moritz Wagner,C,22,WAS,45,5,835,6.3,11.5,.545,1.1,3.4,.313,5.2,8.0,.645,3.4,4.1,.821,2.4,7.0,9.4,2.4,1.2,0.8,2.8,6.6,16.9
493,Dion Waiters,SG,28,TOT,10,0,207,7.1,17.2,.414,2.6,8.2,.319,4.5,9.0,.500,2.4,3.0,.824,0.3,3.8,4.2,3.5,0.7,1.0,2.8,3.7,19.3
494,Kemba Walker,PG,29,BOS,56,56,1742,7.8,18.4,.425,3.7,9.8,.381,4.1,8.6,.476,4.3,5.0,.864,0.7,3.7,4.5,5.5,1.0,0.6,2.4,1.9,23.7
495,Lonnie Walker,SG,21,SAS,61,12,988,5.5,13.0,.426,1.5,3.7,.406,4.0,9.3,.434,1.6,2.2,.721,0.8,4.2,5.1,2.5,1.2,0.5,1.6,2.8,14.2
496,Tyrone Wallace,SG,25,ATL,14,0,160,3.2,9.9,.318,0.2,3.4,.067,2.9,6.5,.448,2.5,3.8,.647,0.7,4.3,5.0,2.9,1.6,0.2,2.3,4.3,9.0
497,Derrick Walton,PG,24,TOT,26,1,248,2.6,5.7,.462,1.5,3.5,.417,1.2,2.2,.533,1.0,1.3,.778,0.3,2.0,2.3,3.9,1.0,0.0,0.7,3.0,7.7
498,Brad Wanamaker,PG,30,BOS,71,1,1369,4.3,9.5,.448,1.0,2.7,.363,3.3,6.8,.481,3.3,3.6,.926,0.6,3.2,3.8,4.7,1.6,0.4,2.0,3.5,12.8
499,T.J. Warren,SF,26,IND,67,67,2202,8.7,16.3,.536,1.5,3.7,.403,7.2,12.6,.575,2.7,3.3,.819,1.1,3.5,4.6,1.6,1.3,0.6,1.4,3.1,21.7
500,P.J. Washington,PF,21,CHO,58,57,1759,5.5,12.1,.455,1.8,4.7,.374,3.7,7.3,.507,1.8,2.8,.647,1.2,5.3,6.5,2.5,1.0,0.9,1.9,3.2,14.5
501,Yuta Watanabe,SF,25,MEM,18,0,105,5.1,11.7,.441,1.0,2.7,.375,4.1,8.9,.462,1.0,2.7,.375,2.4,4.5,6.9,1.7,1.7,0.3,0.7,3.1,12.3
502,Tremont Waters,PG,22,BOS,11,1,119,4.2,14.8,.286,1.2,7.3,.167,3.0,7.6,.400,2.4,2.4,1.000,0.0,3.6,3.6,4.8,3.0,0.6,4.5,3.9,12.1
503,Paul Watson,SF,25,TOT,10,0,87,4.1,10.8,.385,1.7,5.0,.333,2.5,5.8,.429,2.9,3.7,.778,0.8,6.2,7.0,3.3,1.7,0.4,1.2,2.1,12.8
504,Quinndary Weatherspoon,SG,23,SAS,11,0,78,2.3,7.8,.294,0.5,2.3,.200,1.8,5.5,.333,0.5,0.9,.500,0.5,2.8,3.2,5.1,1.4,0.5,2.3,3.7,5.5
505,Russell Westbrook,PG,31,HOU,57,57,2049,10.6,22.5,.472,1.0,3.7,.258,9.6,18.8,.514,5.1,6.7,.763,1.8,6.2,7.9,7.0,1.6,0.4,4.5,3.5,27.3
506,Coby White,PG,19,CHI,65,1,1674,6.7,17.0,.394,2.9,8.1,.354,3.8,8.9,.430,2.2,2.8,.791,0.6,4.3,4.9,3.8,1.1,0.1,2.3,2.5,18.5
507,Derrick White,SG,25,SAS,68,20,1677,5.4,11.8,.458,1.7,4.6,.366,3.7,7.2,.518,3.9,4.5,.853,0.8,4.0,4.8,5.2,0.9,1.3,1.9,3.3,16.4
508,Hassan Whiteside,C,30,POR,67,61,2008,7.8,12.6,.621,0.1,0.1,.571,7.7,12.5,.622,2.9,4.3,.686,4.6,11.6,16.2,1.4,0.5,3.5,2.2,3.5,18.6
509,Andrew Wiggins,SF,24,TOT,54,54,1858,8.5,18.9,.447,2.2,6.5,.332,6.3,12.5,.506,3.7,5.2,.709,1.3,4.0,5.3,3.8,0.9,1.0,2.6,2.5,22.8
510,Grant Williams,PF,21,BOS,69,5,1043,3.0,7.3,.412,0.8,3.3,.250,2.2,4.0,.548,1.3,1.9,.722,2.0,4.1,6.1,2.3,1.0,1.2,1.7,5.6,8.2
511,Johnathan Williams,PF,24,WAS,15,6,180,3.8,6.8,.559,0.0,0.4,.000,3.8,6.4,.594,1.4,2.6,.538,4.8,8.0,12.8,1.6,0.2,1.6,1.0,3.2,9.0
512,Kenrich Williams,PF,25,NOP,39,18,832,2.2,6.4,.347,1.1,4.2,.258,1.1,2.2,.520,0.4,1.1,.346,2.2,5.8,8.0,2.5,1.2,0.9,1.0,3.8,5.9
513,Lou Williams,PG,33,LAC,65,8,1864,7.6,18.1,.418,2.1,6.1,.352,5.4,12.0,.451,5.6,6.5,.861,0.6,3.3,3.9,7.0,0.8,0.2,3.5,1.5,22.9
514,Marvin Williams,PF,33,TOT,58,1,1129,3.8,8.5,.446,1.8,5.0,.359,2.0,3.5,.568,1.6,1.8,.860,1.0,4.9,5.8,1.9,1.1,1.0,1.1,3.3,10.9
515,Robert Williams,C,22,BOS,29,1,388,5.9,8.2,.727,0.0,0.0,,5.9,8.2,.727,2.0,3.2,.647,3.7,8.2,11.9,2.5,2.0,3.2,1.9,4.7,13.9
516,Nigel Williams-Goss,PG,25,UTA,10,0,50,3.6,11.5,.313,1.4,5.0,.286,2.2,6.5,.333,1.4,1.4,1.000,1.4,2.9,4.3,4.3,2.2,0.7,2.2,4.3,10.1
517,Zion Williamson,PF,19,NOP,24,24,668,11.3,19.4,.583,0.3,0.8,.429,11.0,18.6,.590,6.1,9.6,.640,3.4,4.6,8.1,2.7,0.9,0.5,3.2,2.3,29.1
518,D.J. Wilson,PF,23,MIL,37,1,363,5.2,13.1,.394,1.8,7.2,.247,3.4,5.9,.576,1.1,1.8,.611,1.2,7.9,9.1,2.5,0.3,0.5,1.9,3.3,13.2
519,Justise Winslow,SG,23,MIA,11,5,352,5.1,13.2,.388,0.6,2.8,.222,4.5,10.4,.431,1.8,2.8,.667,1.6,5.8,7.5,4.5,0.7,0.5,2.5,3.9,12.7
520,Christian Wood,PF,24,DET,62,12,1325,7.8,13.8,.567,1.5,3.8,.386,6.4,10.0,.636,4.9,6.6,.744,2.8,7.8,10.6,1.6,0.9,1.5,2.3,2.7,22.0
521,Delon Wright,PG,27,DAL,73,5,1570,4.4,9.4,.462,1.1,2.9,.370,3.3,6.5,.504,1.8,2.3,.770,1.6,4.8,6.4,5.6,1.9,0.5,1.7,2.1,11.6
522,Justin Wright-Foreman,PG,22,UTA,4,0,45,5.6,16.0,.350,1.6,8.0,.200,4.0,8.0,.500,2.4,3.2,.750,0.0,4.0,4.0,5.6,1.6,0.0,2.4,4.0,15.2
523,Thaddeus Young,PF,31,CHI,64,16,1591,6.1,13.6,.448,1.8,5.0,.356,4.3,8.6,.501,1.0,1.6,.583,2.1,5.0,7.1,2.6,2.1,0.5,2.3,3.0,14.9
524,Trae Young,PG,21,ATL,60,60,2120,9.3,21.2,.437,3.5,9.6,.361,5.8,11.6,.501,8.2,9.5,.860,0.5,3.8,4.3,9.5,1.1,0.1,4.9,1.8,30.2
525,Cody Zeller,C,27,CHO,58,39,1341,6.7,12.9,.524,0.5,2.0,.240,6.3,10.8,.577,3.3,4.8,.682,4.3,6.7,11.0,2.4,1.1,0.7,2.0,3.8,17.2
526,Tyler Zeller,C,30,SAS,2,0,4,9.0,36.0,.250,0.0,0.0,,9.0,36.0,.250,0.0,0.0,,27.0,9.0,36.0,0.0,0.0,0.0,0.0,0.0,18.0
527,Ante Žižić,C,23,CLE,22,0,221,6.7,11.7,.569,0.0,0.0,,6.7,11.7,.569,2.3,3.1,.737,2.9,7.8,10.8,1.0,1.1,0.8,1.6,4.4,15.6
528,Ivica Zubac,C,22,LAC,72,70,1326,6.4,10.5,.613,0.0,0.1,.000,6.4,10.4,.616,3.4,4.5,.747,5.3,9.4,14.7,2.2,0.4,1.8,1.7,4.6,16.2
