,0,1,2,3,4,5,6,7,8
Ben McLemore,5.605173044409439,18.257282365449804,1.4842000091329521,5.093804399639645,3.2252813343797078,4.405182732651354,0.4746679368770068,0.24776028162846195,1.1759836544346942
Udonis Haslem,4.3098559872245135,18.2543300562233,1.5407068429720234,5.0947571092301684,2.3908291817783573,4.382334069213919,0.4574639025350092,0.39418022003880465,2.1806973849564653
Thabo Sefolosha,3.3900270364045526,18.253473491865687,1.506625375018351,5.0936720670100435,3.4201038963088704,4.0974272162082785,1.1098028838892011,0.6636802482845098,0.3527811204343094
Vince Carter,2.341764062730258,18.25307503395662,1.50251840129683,5.093657265503736,2.5140782411833014,4.391939983954913,0.528463923890807,0.6590173686899936,0.9357575864100931
Justin Anderson,4.8709933742449305,18.251479317568492,1.381548063463185,5.091241648992681,2.410815115038188,3.5272231845670703,0.46383493359205125,0.27294479068424854,0.8195182744360958
Luc Mbah a Moute,3.6850351141459883,18.250290920204208,1.5186774507098606,5.0924177775844965,2.416930219550898,4.399562206487059,0.5503837584853357,0.38105650574716393,1.4090705638764838
Anthony Tolliver,3.8146593137587237,18.24660488590202,1.5018431813329547,5.093532441879509,2.5047625956939714,4.369587614508813,0.46449399766520566,0.4884929276002622,0.6765270555687888
Courtney Lee,2.434281084128668,18.245892421041617,1.4666523295604985,5.068821494208001,4.258722427456415,4.195521964478096,0.8718535299006346,0.6684097063507977,1.048284144644498
Kyle O'Quinn,5.325149055490555,18.245745229181015,1.5331871078901642,5.064332150498442,2.3454086840814328,1.8531739342740725,0.4567128789731599,0.1576096193797579,2.285897872724247
C.J. Miles,3.9045532074961753,18.24455336191778,1.414253893492233,5.091083625372153,3.4256277048806867,4.388865630459536,0.4784915115705162,0.5518279576082452,0.8480478823151064
Troy Daniels,3.4620547756906443,18.233687267014613,1.2063968404857133,5.090929728367507,4.998960847357085,4.400756478837666,0.47641665644129144,0.6364828098486222,0.76640610508773
Kyle Korver,2.570958801565012,18.233317103515315,1.5168273172254296,5.093070331313374,4.69331628311089,4.409277454863654,0.4679905181742903,0.6960656973304608,1.515443904454514
Patrick Patterson,4.903494228573845,18.23052992542995,1.2709572156607991,5.0931349855598596,2.373631495791936,4.128348852462797,0.46954602231663806,0.2686874445186497,0.8449810520870075
Gorgui Dieng,4.419352391994344,18.230012414825513,1.4976727838587953,5.00742667520252,2.416968972577381,1.1746399709556021,0.47156258118902894,0.22461461114780923,1.2758656648481728
Corey Brewer,2.4410763520898167,18.226246876170748,1.2879707098022253,5.087659458482639,2.4445831097553836,3.930379346145049,0.6734199899283253,0.49786692855881204,0.5387662784689976
Isaiah Thomas,2.5201752821931422,18.222223980288973,1.3765976871695556,5.056025668462045,5.447094995967993,3.9263831350666165,0.6165986611820552,0.3593192290658437,2.1637360840226516
Glenn Robinson III,5.35677835404608,18.215558244807173,1.5020854304870555,5.092745969158759,2.4518439492028463,3.9860432393902427,0.4731721324573954,0.2817186679825184,1.2972138007981884
John Henson,2.673731894393985,18.21362417012063,1.4010398254881953,4.6627818004442245,2.5597648613785973,1.4118745616221693,0.45856318185147216,0.22730433065036507,1.8892946179471073
Mike Scott,3.1371638670922852,18.202333953754046,1.3913018496301288,5.07735577822624,2.643333062660166,4.126973838308072,0.460688816776299,0.6940895721029934,0.6960252400563354
Michael Carter-Williams,3.2696378972322373,18.19978124118599,1.1479950131760432,5.011577007882711,2.3490032584040224,1.5207333193458932,0.45817124234245066,0.1662600009203972,2.127055252105683
Ersan İlyasova,2.8819099537126482,18.176209488326762,1.2588626731802317,3.993333669881485,3.6587797805239184,3.0190195726401114,0.838795919116972,0.26570516695776736,0.4081164878944034
Jared Dudley,2.8227356226202227,18.14407008371135,1.196107673050074,5.0897030343387675,2.3900331482087362,4.222804891581943,0.47322872062606647,0.5496977528780195,1.0260651407350942
Andre Iguodala,2.427915409891461,18.139085481501173,1.040311774415818,5.043627368761638,2.347301163934751,1.9414407984887998,0.4612142155405552,0.3477804662560988,1.2943829649630756
Tony Snell,3.1624113307713007,18.11588721846342,1.424364747764303,5.0698777326897755,3.0267910212171123,4.349628241878391,0.47070266661611965,0.4607897088719635,1.0648699885110584
J.R. Smith,2.462036327979431,18.10012019729054,1.4251548036734305,5.040401008547771,4.916490896443042,4.361396646749292,0.7623387974149339,0.5238887942977505,0.9993510980820851
Lance Thomas,3.8472714805539368,18.053998917768308,1.4222187467598384,5.090640385473249,2.4609746963702865,4.3524417101507185,0.49135254444039084,0.34878727034094703,0.9476895604653407
James Johnson,2.616058840278017,18.020343777537192,1.2230037022261053,4.92395350761378,2.4771625862059876,2.5207775863575894,0.535037373134776,0.2455931002529572,1.3836180305588697
Doug McDermott,3.58899593797904,18.00516320969556,1.473374117929691,5.093550271593637,3.5916185401495224,4.399440815407191,0.4647625018240324,0.45151439232302765,2.224891047970796
Jerian Grant,2.406712047770054,17.989306606251485,0.503322189862971,5.067452634054495,3.0075666958150387,1.6501897912602206,0.473227560783131,0.46504350551781737,1.8707921755399466
Michael Kidd-Gilchrist,4.922175559412051,17.973766093061606,1.5086415264591984,3.009510324899274,2.6927196641716713,1.3737190215658595,0.5035027320980263,0.20012967422496963,2.2087225321772017
Shabazz Napier,2.4639511232725093,17.936886984786724,0.6746139372740787,5.050991397425924,3.2693635524582128,3.7575453246193846,0.49170671187222426,0.25897267570410565,1.0152524122170792
Mike Muscala,4.776355288965665,17.92119299879716,0.9644593862846215,4.9682334977110685,2.3585373360746713,4.0872092330107215,0.4604300697519069,0.20009423830471745,0.750419032657415
Carmelo Anthony,3.9876543319404316,17.915618520166355,1.5016777833651682,4.10720311359506,5.795647243306251,4.37855815481438,0.6192901417765887,0.5888166162417641,0.41818329874488047
Frank Kaminsky,3.2796131675791,17.851539836451103,0.9050150083052023,4.038437246491783,2.6192171479094237,1.2136993821361102,0.46203880925690716,0.22248557123718074,1.400324903121194
Solomon Hill,4.266515384205085,17.840334146446317,0.5746471754229752,5.075184076093269,2.3634433679866294,1.571943617915651,0.47195735290321,0.2671354097645946,0.5552236430598574
George Hill,2.506376036515143,17.839644930932167,1.0290008164742157,4.999435196547669,5.677307678151066,3.753331939527296,1.0149667468368815,0.4890594056076622,0.6798834276065959
T.J. McConnell,3.3449524232125762,17.758651448289026,0.9328439867066969,4.853541639311068,3.2300206681552788,1.0401663864606407,0.5278773199049976,0.21218519104683473,2.124335794318177
Austin Rivers,2.4712251217064725,17.735605656610854,0.6939429248670691,4.305573789851176,5.449027157378012,3.164148258221214,0.5468913256096988,0.5804947249866501,1.4194295957990914
Matthew Dellavedova,2.6206036206320316,17.70845446464223,1.2724314002959938,5.093368396226114,3.0857556299107354,3.236066622514597,0.4607686481960165,0.2612013937973099,2.2055390270792326
Raul Neto,3.0371859367009053,17.507140569295288,1.287933486673729,5.091360367920199,3.650820170718545,3.7241312293609328,0.4604346625007202,0.32776188362344255,2.172044532618846
Marco Belinelli,2.5819308979247126,17.42342677218264,1.1944664018693443,5.079417915372274,5.408407584067224,4.3173119044673935,0.4891244637703713,0.6567903958290771,0.8074031079801324
Cory Joseph,2.4493283949750655,17.379138887281155,0.47825165684060783,4.701351467317136,2.4169424257192498,1.1852441191508445,0.4832508196423297,0.26865101424146687,1.0287853448837947
Brook Lopez,6.091834907916549,17.270897874720674,1.5093845526425165,3.6108297608466087,3.650512219359915,4.273746145809459,0.47801808952849045,0.570120155358637,0.5234273492843341
Langston Galloway,3.9688376656853754,17.26225726111223,0.5155914759856065,5.073202582751461,3.667543928988162,4.240946562005885,0.5317304108523511,0.521173821639162,0.8398989092775201
Cameron Payne,2.657873189499125,17.094236200889394,0.531649989994398,5.037332458579557,3.0830337311015743,1.2934898165870348,0.4932873417495581,0.20511894047458043,2.012000820062717
James Ennis,3.7738513500884805,17.06460673556855,1.2797498939184306,5.048866271108847,2.4527577448473266,3.1647910704173325,0.5445939191009991,0.40528352425551234,0.4460852150262475
Garrett Temple,3.4669918044123413,17.0554354958054,1.231226687722862,5.029543911531708,2.5901436733427716,4.2673507872826475,0.935440311035764,0.6551751967181642,0.39855177080705284
Markieff Morris,3.8196148341447205,16.868972369075426,1.1189003147245713,2.862943880297343,5.5562288901160315,1.7793366561342991,0.7619071735011264,0.3451874718313981,0.986369058476583
JaMychal Green,2.7107715911362664,16.86692987367066,1.0817013755880567,3.269171509467234,3.873216276518321,1.215364587510346,0.8440478243074129,0.30123212504957725,0.5798736234522728
Ish Smith,2.924880352273927,16.7896191252333,1.2374354297209489,4.668565029768022,3.36974900639789,3.238465296118428,0.4665175487293914,0.3588944171895098,2.2105890297504014
Mason Plumlee,4.001047640253958,16.65905253584301,1.355924616115018,3.64057384709634,2.3974136535648065,1.024148289123685,0.47772984057269374,0.16466468374151266,2.125344671006875
Tim Frazier,2.897952545907003,16.644735032520295,0.5855415562771357,5.059604903083895,2.3958829356474665,1.2389680663724096,0.47086805021344247,0.23336220395124224,1.8986886936430698
Patrick Beverley,3.9661318420687395,16.611701762018747,0.7293020816671888,2.6129664247770354,2.589037766815637,1.215986043054439,0.6742492800430543,0.19315765348372474,0.3800663012001354
Alex Len,5.27403351632273,16.319465069706023,1.3051854830226894,3.472198416110657,2.5104653708680438,1.5557780758209152,0.46622485927284907,0.17442722136700117,1.9420133613372872
Kentavious Caldwell-Pope,3.0154699795762716,16.20142919690138,0.47825520794031023,2.20226744353936,6.353415793058347,2.3971892535797137,1.2680140111098215,0.29415130703875336,0.5131881550873693
Wayne Ellington,2.936967450552605,16.13342961883417,0.5280633652883685,5.030883320207547,5.945516692341798,4.383836671644582,1.1213810897602758,0.7060860398592864,0.38503151580542505
J.J. Barea,2.3203393201694893,16.07572965842605,0.7838264244402642,5.031022948724169,5.355776951348796,3.316191627577897,0.488069239326882,0.5640399098739874,1.80160175068329
Iman Shumpert,4.229886084267518,15.988689304293215,0.6530196835731308,5.045208410427061,2.5567695462906634,3.4137130534556026,0.5608364919767849,0.49243940091691046,0.6368316531215636
Pat Connaughton,2.836260600284551,15.987169978831307,0.9541727120030836,4.999945057739171,2.44521397921019,3.0628360689144274,0.457569747338883,0.3784124864638275,0.8144298305698678
Norman Powell,3.2235601336136694,15.932201089305506,0.9716861625130276,5.053636296316353,4.657741552405544,3.584994626719312,0.466235253111863,0.49065641654482356,1.1204185387048922
Paul Millsap,3.905524869869028,15.79864706512779,1.3057525567187926,2.321585586319707,3.1179378325350133,1.2536650639465736,1.2130779504837839,0.3056035764735264,0.4493846721514909
Delon Wright,2.693960920572003,15.71574198109099,0.45132935429691473,4.728464249170167,2.4060059321765057,1.1230325341826848,0.5045863669067027,0.2545294776725179,0.9063226909505024
Kent Bazemore,3.571800022558438,15.589292697288036,0.6127277784290343,2.3889873807452315,5.566042844508557,2.2914768564471717,1.0069362570192253,0.4737990442850071,0.5141694890641402
Trey Burke,2.35896797569764,15.529243482195225,0.43217215038007917,4.701923003003547,4.886788066998972,2.2907302801889755,0.5874508070115954,0.6148123896343064,2.029361929601189
Tyler Johnson,2.7506684258951672,15.227954577694614,0.5283835518435438,4.031855324867973,2.649235246696945,1.6779791902502215,0.5226824043545143,0.20783496934952508,1.484529682884438
Patty Mills,2.377349959462889,15.1390981321223,0.6296904046753027,5.042636463162341,4.995548548661127,3.947486036123408,0.5363163988530222,0.5007937759313392,0.8802804450782268
Meyers Leonard,4.1069358912260805,15.02657983549681,1.3662217933690328,5.075882061608197,2.7515557434310147,3.6511160581346638,0.45787497256219717,0.2820665831278143,1.3946104559092614
Nicolas Batum,4.24091783084304,14.891074546100324,0.5720290039973239,1.993646790575802,3.737179415069948,1.503313243746374,0.9369968706315613,0.3182448059138608,0.4843425737770337
Marcus Smart,3.726144318769333,14.771267470544753,0.37237606655926303,2.6242341460933774,3.4265348277080587,1.0622910883939527,0.8555262481638866,0.29012812560343565,0.7691251857878431
Dion Waiters,2.700769490452828,14.7594334656806,0.9331399159179963,3.902355806681127,6.174774761346684,2.298884000926663,0.5895670770949974,0.6327772282639357,0.765925802103715
Terry Rozier,2.6206491766157938,14.62863272771893,0.36833442212127276,3.214131780262559,3.3684327179750015,1.1270206742259914,0.633087404329736,0.24306183803643816,0.6175961419162688
Kelly Olynyk,3.3198912287634426,14.447775526884069,0.46566084624110626,3.349452031432772,2.7394030004684695,1.12085109371551,0.654661727376697,0.20506664988053006,0.8727004879228973
Jeff Green,3.056858144683969,14.425690697544606,1.2212392415621964,4.935911973209044,2.579606015854867,4.315500915674252,0.5562837542020166,0.5910359670581528,0.7207270301169325
Trey Lyles,4.329221868292204,14.170310453926415,0.526191674038551,4.029309565353975,2.6651661725281817,1.2273723878998248,0.483447076726247,0.1979502545615042,1.573056822100288
Maurice Harkless,5.71723851423437,14.104021718714055,1.0983310416592988,3.710733547749069,2.4087375788001717,1.3675947967440414,0.5742395417714964,0.2853498882689231,0.42302212031936703
Jae Crowder,3.556031339053256,14.103768351316702,0.7941590009272106,2.8020086568870592,6.007048405100622,2.7857649658780534,0.6292114907935105,0.3578732118500403,0.3602022646226826
Eric Gordon,3.3827837520765023,13.967527819417187,1.0099828101334818,4.650179075015062,4.4267560810283415,4.369418523852044,0.5904190107240948,0.682503338727348,0.771912131587479
Al Horford,2.712887868650806,13.781564454822872,0.7646668296598705,2.1027200585234778,2.678052843411584,1.2635876542182656,0.8311253979831184,0.3029780494369994,1.6268545943727482
Jordan Clarkson,3.0104079066724196,13.754635647049286,0.6007562414114326,2.5712721022655414,5.701764964523273,1.2732406724449632,0.8175914304896276,0.31376850264873873,0.948863751107816
Jeff Teague,2.4491729689235173,13.472524964439954,0.8736683303058796,2.483623960396326,5.7881982904260525,2.4325732929129367,0.7956368897881302,0.36970828849252246,2.06735564220819
Marvin Williams,4.664543804549115,13.265773438530664,1.247858372256041,2.674781096651853,3.624157522660724,4.281115523152001,1.1224344496293361,0.6349369605804769,0.3466151151454867
Taj Gibson,2.5469936627551504,13.25248870687998,1.5304967327619554,2.270349044142644,2.8946148749329135,2.5458988105834157,1.2212842345070296,0.4084709622624695,1.9009505962197653
Robert Covington,4.355942921918632,13.205988928737353,0.5387357079186925,1.9830943361406363,5.513291520012313,2.0871208662427274,1.0727651469134332,0.5121010821365262,0.3585730982920268
Goran Dragić,2.371563813295471,13.158513128811506,0.6680636583232117,3.3668595833122366,6.4354026743543855,2.756171092999323,1.2052282160155052,0.6119951238368392,1.8005495261856606
Will Barton,3.623840037542242,13.095567699714172,0.5401929761347399,2.519520457753888,3.3352061013500225,1.3603734253090654,0.5128717208032231,0.20909445462238363,1.7380252243913532
Avery Bradley,4.109549375523355,13.085563104838567,0.8109995341989317,2.796710300484243,5.190418934876091,3.4504791335088316,1.0031647323519763,0.42127996883854574,0.560576685004599
Stanley Johnson,3.5362692402597014,12.987270399846404,0.4233455905739494,3.115724786055245,3.62064756280508,1.1174984980642588,0.6581834490425971,0.20367186086140598,0.6772443183191788
Wesley Matthews,3.0184577420051233,12.96106273857602,0.9007016935354313,3.746827152846379,6.048038132520781,4.31564732194151,1.2649442238922262,0.6593404262977974,0.5236402838205331
Rodney Hood,4.154751671815245,12.919943197459785,1.0143059244863015,3.5727591939240284,6.161208871149376,3.961425743053512,1.1348915504613593,0.5761917130148663,0.645630187761397
Allen Crabbe,3.0965344300231363,12.867072935348125,0.47422939174882384,4.0969218247186125,5.506519101438188,4.178217423916359,0.5407891809421234,0.469628385736344,0.6193052729987603
P.J. Tucker,4.990765588483447,12.607229388454666,0.7688246739234551,3.7933122102864973,2.411995650702861,4.30793938617137,1.2244933649541372,0.6535157976978787,0.33363831528279675
Marc Gasol,2.723851162151111,12.429910913990478,0.9762002773666618,2.310787219273428,4.193147587335244,2.802818477228721,0.8195003600129395,0.5185301942607716,0.5120904407799155
Gary Harris,3.5725692834945244,12.202076691437371,0.42744924542816165,1.9784291503527875,6.06880043880582,1.9682277242679953,1.2828403391210295,0.29917532789605966,0.6685372191379789
Rondae Hollis-Jefferson,4.134683461825294,11.905325277820644,1.364535192206727,2.0505872188312475,3.4426219117388603,1.0229770505779368,0.7111917969396528,0.1784259474415247,2.0659413195922594
Robin Lopez,4.945105370242206,11.89568040442647,1.5358650069502278,4.013575879591692,2.3509490809644595,3.697893674288802,0.46581572859481124,0.17488155625153168,2.291554233961157
Rudy Gay,5.701286561850343,11.663795205536927,1.0948699644068625,2.7030223384305114,4.748772409892219,1.6667823839063551,0.9733805457538998,0.30064910139445855,0.4474052344071362
Marcus Morris,5.208502369955672,11.552481451194504,0.7982066470711559,2.1243557519423955,5.825757545216903,3.3603059577544108,1.1580884590680804,0.5231322272377424,0.3496683327530814
Danny Green,3.965565136475107,11.428764351667583,0.768623088386071,4.583895076331513,2.5727105579180307,4.314966936242732,0.9552396731694465,0.5719038150248268,0.3925210745510915
Alec Burks,4.526508583517604,11.202792953177843,0.6904367489159402,4.47147659329934,3.683037450599667,3.773319242925603,0.4749452279449037,0.2996081971925272,0.48497968800276164
Nemanja Bjelica,3.5630009416542987,10.816803879272287,0.7172833269821063,3.7308378520533467,2.3892536092791943,2.6258642577812723,0.6973705534680962,0.248575428628723,0.34880578604333523
Evan Turner,2.8828569244724602,10.455554786079833,1.3382823472611884,4.978162375642889,2.4866353914538104,1.8935075879970935,0.46202681905790105,0.24555973493661068,2.1806505194620933
Terrence Ross,2.560838048995884,10.455529288727549,0.5088734821629074,4.828365083315453,5.3362698570201035,3.451209720268191,0.5706565364745174,0.39825504844297754,0.4006658020738268
Dwight Powell,3.4688904003404306,10.370467853655642,0.8715590435543779,3.239440271008611,2.4108820837420066,1.5459117276099228,0.5524714802392946,0.19519634773216185,1.5500365056147825
Derrick Favors,5.4922588728724335,10.265549431757213,1.5221778215141286,1.9356663152229672,2.6278251528345113,1.214994866185676,0.9861482604179381,0.18741062923259194,1.9068063116421055
E'Twaun Moore,2.4007998948974913,10.254772983703896,0.7534216933762482,3.6596245217411454,3.8557200873928776,3.895281658014427,1.2578179036895256,0.69170162319696,0.9560053767378351
Tyus Jones,3.522107094334468,9.477992367170382,0.3831247784253789,4.8668440296490605,2.884789696622689,1.1628736568867553,0.5270873539142243,0.2133910278051431,2.0051197579208404
Cody Zeller,5.9261919076167935,9.318181681782438,1.340035334761048,2.633976584548081,2.4155884979040994,1.0786080349244296,0.5301918664683977,0.1697175197158998,2.0593486890083126
Dennis Schröder,2.7971364858107615,9.299669780038382,0.5567877523395196,2.088050590715269,6.410613781778126,1.0497076355014172,0.8650191386615701,0.4969757964050757,1.6930422687651416
JaVale McGee,5.214975858798837,9.203850012296021,1.5353432266917417,3.6323884615332913,2.3503345447606367,1.6863410713981033,0.5013943751528067,0.27756858942384355,0.8681610870634399
T.J. Warren,4.072858902829609,9.172279760877156,1.2047200590912253,2.0814044865285624,6.145363695939577,1.5358456409109567,1.0863466005443845,0.6163817734990927,1.763452899532142
Chris Paul,2.4123949944275633,9.13562110879851,0.38397947229933377,1.958993475475242,6.287745650558913,1.2913190886001822,1.3164240381978756,0.4495028393030204,0.5417861903022331
Jabari Parker,4.945624765318338,9.037359798814038,0.4235235577309653,1.9640084188177807,5.592432647433314,1.0192361274197932,0.5265145289679297,0.20597717279293645,0.5987123673220593
DeMarre Carroll,2.7222440955754945,8.895415788916473,0.920720872773105,4.152916640875814,6.175208986766114,3.8555683079270686,1.1883696202656753,0.6801906251345949,0.6155974617996379
Reggie Jackson,3.3820155979819866,8.851225674099249,0.7117939510392884,2.465823978812975,6.390633108644271,2.953541278381319,1.2898682214143655,0.6118463276123608,1.4328343607307252
Draymond Green,3.417098085657972,8.745965137364601,0.4421557316574004,1.932289536480265,2.6108936472720328,1.0205185893911624,0.8197207732147876,0.20021189423430577,0.8130243715316153
Kyle Lowry,2.5515944012443628,8.684918943603742,0.3808772853525426,1.92511942076499,5.887401465610871,1.6975983214462025,1.2646653025197963,0.4070240080730572,0.5761074843858526
J.J. Redick,3.0644418374267928,8.575529347601051,1.4336450715091824,3.2677956857077857,6.035467344458651,4.412341690032108,0.9875100351022157,0.7524176326188105,2.130673295765792
Spencer Dinwiddie,2.3529885068826957,8.491894015081519,0.43477661574221943,4.054251310659668,4.384026398045912,1.6805367977938792,0.5321248881948873,0.412212011948718,2.2344984530514425
Myles Turner,6.3369982573981,8.470376148160563,0.702876917932285,1.9128795177377733,2.802782843568078,1.1361720339992865,0.5577913790870133,0.19092668220168904,0.9380704399267568
Otto Porter,3.7451376578424966,8.35641700992772,0.4057569245512923,1.9011012523143702,6.079643383978773,1.1347712819601579,1.2153327812137968,0.27670930003351446,0.38544437957793537
Rajon Rondo,2.6864371171458505,8.316874225865098,0.46531334624724596,2.382074438789392,4.85422050781918,1.061349925312817,0.7511435755243974,0.3793998996435227,1.167860227364291
Kelly Oubre Jr.,2.9996820763238374,8.263069766814047,0.37250097054794246,2.220980009951589,3.3621636588621064,1.2210684352320103,0.8113872763162342,0.3763244433356357,0.3804269249809713
Larry Nance Jr.,3.4407898326307023,8.034889244413984,0.4433789909962611,2.0735821968870085,2.6321623338381364,1.0199875870201458,0.9060237780073642,0.22553802301025494,0.7905845071967811
Jimmy Butler,2.710549694179121,7.923866992362859,0.41022125475333415,1.8952100889051764,5.144738152928806,1.1213601388558796,1.3229776312921122,0.3166546677425881,0.560406073052922
Al-Farouq Aminu,5.6724715373532275,7.897833876116343,0.7736697657427382,2.0001287736206113,3.128691253593691,1.9087228441495494,1.127245944244429,0.20405999337439057,0.344361401469289
Eric Bledsoe,2.9585492126965103,7.865413582979481,0.4490316692161517,1.9245207183761113,6.037323828471781,1.1415562335345697,1.3017478595335181,0.26611505330794577,0.47418277333210096
Montrezl Harrell,3.7847479960544814,7.770324272177187,1.2453315773086946,2.251722719132387,2.3811064912312228,1.0346243232042887,0.5177832114492815,0.1952825249228153,2.193947378396586
Justin Holiday,2.846430963967888,7.665361602269562,0.47958200153667774,3.100091463567458,3.3029134567470426,4.194326706882861,1.2579905292447982,0.6790105577647475,0.35247834174934933
Emmanuel Mudiay,5.488703272259638,7.6553895540798305,0.40433239357332457,2.3593922289652434,5.571013989014314,1.0834420681167796,0.48672524857489097,0.19384459736964665,1.748262918546939
Reggie Bullock,3.7157286710431445,7.6165635129043565,0.6761580249877015,4.203734082196861,4.254119715943996,4.319112987633295,0.9760509292145442,0.6502587526767963,0.6751289757949163
Serge Ibaka,4.107420250950623,7.609412212232527,1.3247620432774816,2.0111537299094664,3.518603256998842,3.6028231738186682,0.5910792185345896,0.28591350343890215,0.786453960873765
D.J. Augustin,2.7156123481039307,7.5680779193565515,0.474350717791337,4.666490930911585,4.080378259725762,4.1800196467936575,0.8682220689089634,0.6550176686277603,1.1180560530092798
Lou Williams,2.3153953537991345,7.512475965613979,0.7334088247050453,3.587307904739418,6.311767231400454,2.477755987750148,1.0356341638592044,0.6490498015685863,1.4237880133081666
Trevor Ariza,2.935494258968965,7.504547200417673,0.4966855286438852,2.190555430082117,5.9393031102246825,3.6619009680283736,1.2682784738822208,0.6312450141195893,0.3388841932707876
Danilo Gallinari,3.858266187092403,7.462703889950216,0.695657386719065,2.298144261954214,6.390005082995532,3.929029913842476,1.0902603151299155,0.6297932906832469,0.3755232221590637
Ricky Rubio,2.8762406007489267,7.353405800213914,0.385861782476608,1.973364224966859,6.420362425756418,1.308532686549748,1.3281235293551732,0.33715890107658397,0.8755647449999799
Kyle Anderson,3.404907363746996,7.340207282663042,0.43110204323056284,2.099636926684908,2.4297366048288747,1.0540899474256489,0.6504373213583526,0.19169357033574258,1.9965279227709187
Elfrid Payton,3.085808897750678,7.300906602170323,0.3991212385303705,1.9026143706564471,4.696351887305449,1.0144502794533623,0.629539527849815,0.2296266785682448,1.5566342728067468
Thaddeus Young,3.280385875245442,7.30005810954887,0.5543944486122545,1.920884781590833,4.531798959155438,1.3640346252653577,1.330624144332011,0.3328880586228212,0.45712551802434953
Jerami Grant,6.5289200954713555,7.276038659208568,0.9605616867640799,3.055253585133065,2.3986769057483524,3.5855817462621267,0.5247333005773864,0.4906563143799214,0.614165867200952
Derrick Rose,2.920148595482598,7.191687817881999,1.2033779843272943,4.78513215207177,5.185629976767449,3.5620545585706807,0.569215417278016,0.6030479302479357,2.150257368859347
Mike Conley,2.973301104070479,7.170937916949381,0.8169963448727551,2.6155993445107564,6.099019586246316,3.8638657884864407,1.1395864683395305,0.6992494638406133,0.5725541886531964
Mario Hezonja,3.558426571157591,7.134817175890703,0.3957724269265654,3.8366783207056185,4.703759650084929,1.237861580462731,0.9578963627052055,0.29538554679362505,0.5103247454095751
Kevin Love,4.095432453307792,6.939598130730873,0.7924816272954414,1.9162803879954762,6.220378943459024,1.4347129285018272,0.8094215306962262,0.21799536023723054,0.43241851031362744
Bobby Portis,3.3620096171416773,6.805166706066644,0.3695833001410739,2.0258169377278934,3.834805856192444,1.021760623725638,0.7698152020110403,0.20702687466671105,0.47683827906954984
Noah Vonleh,6.388269025337753,6.77331187205035,0.4598236133815838,2.2079771476627372,2.3683937150348107,1.4207935566367218,0.4867964562285349,0.17724244856880325,0.41414279781552543
CJ McCollum,3.093909185450676,6.733022538308155,0.5360348255199427,1.92062535237299,6.343447382310692,2.948347152876908,1.2886488705065218,0.48245412090236905,0.851645173119948
Stephen Curry,2.664490605197605,6.731040415259041,0.39311482213687793,1.904242078848991,6.452316971112748,1.3673452028412796,1.3266169700263202,0.4856534353753794,0.41832457662297506
Victor Oladipo,2.7398629092959697,6.70636463192618,0.36825563164076663,1.9049022302155705,6.449303374434463,1.07637318417707,1.29912272502648,0.3700963882812299,0.4542712678282783
Jeremy Lamb,2.9944061043177,6.6773048965481685,0.4807872306332269,2.288432409747387,3.990014357796429,1.25212331698458,0.7481392098159684,0.591633611774139,0.6082824326740697
Harrison Barnes,5.775726521901453,6.652753416666593,0.635122689944217,1.9444019135892192,6.424367480071004,3.7968095638151693,1.3053658453223067,0.5472938717406721,0.549552702133265
Kyrie Irving,2.739158404916433,6.632782494111408,0.38050998568766486,1.894935220458738,6.304277315694738,1.097044139199319,1.2906738393536583,0.3948929040325907,0.5720954565604793
Tim Hardaway Jr.,2.8070320657492767,6.62246303684082,0.38293966265169305,2.444154199220378,6.495122138718487,3.0522257682764447,1.3229525350184106,0.6719740694235166,0.4259432178651129
Justise Winslow,4.607075525697216,6.565937845754166,0.3562679459515222,2.17236817252696,4.881978576174841,1.0375747530157213,0.7448858626281314,0.19004073907212635,0.7192109227775055
Jrue Holiday,2.6509511864147353,6.561789504793468,0.42005625281586345,1.9017664202814923,5.527229051519561,1.075247739493638,1.2505805958385512,0.3472974506885263,1.1860593362558176
Andrew Wiggins,5.310703008163555,6.561308944114793,0.4572773624302501,1.8929401707379567,5.855211552485105,2.060310188717821,1.1982814157023485,0.29424688687038836,0.7567511445312018
Josh Richardson,2.958261266250516,6.543923588876518,0.40597206195682384,2.1515891694561313,4.3574511913108624,1.7019908493054523,1.2927923915136295,0.38426167076220896,1.2411422908922436
Enes Kanter,4.321204414927208,6.481688476046881,1.4516198479498874,1.9219097863929246,3.1461485866778607,1.0365845297759309,0.9393555816294428,0.18133862807670534,2.2077934243461574
Kemba Walker,2.720893996309035,6.457381877332308,0.49817315974758636,1.9058364560043046,6.454944938096965,1.9369620430886372,1.3045938989316088,0.5921079652886743,0.682376251116483
Evan Fournier,3.7324770627967276,6.450557496199839,0.4178622552480391,2.155502688076861,6.493292520738432,2.8230307644750336,1.3274019917550093,0.6344940540045975,0.6534585678553811
LeBron James,2.4179392555296566,6.44465220925789,0.5079430463089615,1.8946759211415383,6.241225552830068,1.1083825543264179,1.2911926421097795,0.43609489819815384,0.7721189767903464
Nikola Vučević,3.8210732553683884,6.442398331671328,0.6228713499629581,1.8913676228895548,4.4304019627253055,1.0466594524216999,1.1504369976369115,0.3052624735595544,0.4662520864552758
LaMarcus Aldridge,4.049993267003683,6.418809357939398,1.531385408557613,1.9024848373439283,2.7647716937713627,1.7173386969946267,1.256361588151989,0.32034043030089904,2.208423762892434
Joe Ingles,2.4709781759506333,6.414090516330866,0.39245184455190585,2.278759020425857,5.881239884851774,3.2934164212103183,1.3061601862436947,0.6561291486419405,0.42522276326913
Blake Griffin,3.456483532284864,6.402168231792058,0.5025477313664252,1.8949203367598608,6.076550301665601,1.2695613034966018,1.1590281343293152,0.45272733265792453,0.9101563495549737
Willie Cauley-Stein,4.891944196947983,6.379104665942451,1.0903686661976444,1.9189257247971974,2.954090614802617,1.0293422911912795,1.2017666424483056,0.22815964369798866,2.038503720025496
Damian Lillard,2.706298355344453,6.369937109279222,0.4090874040764919,1.8986894812449004,6.378966045082458,1.5941325698843178,1.3050122465638807,0.4710049546668543,0.7679474479732306
Kawhi Leonard,5.314937474931514,6.369732829622956,0.40774826186939717,1.9203747075519375,6.387737018635678,1.0554402206061522,1.3163287929559166,0.3113053058572536,0.34562875023351225
Zach LaVine,5.2083626487258,6.358471995336346,0.3693407286641638,1.9069682121969473,6.366223224011806,1.12812919508006,1.2585075694825787,0.35675489160573454,0.6896407800505794
Julius Randle,5.301474649532934,6.320113017551507,0.7892431363313916,1.898270205693466,5.292254652200285,1.05163429072784,0.8118563764270387,0.32521061770366005,1.8720515245831044
Tobias Harris,5.642674766515031,6.3084591399209735,0.6892933296034589,1.891246199902127,6.224518552538702,2.5120083838729483,1.1893863397175328,0.3155342267815292,0.5315968652974877
Bojan Bogdanović,3.3297345215403076,6.301814897116242,0.8187772643910602,2.1403500356561262,6.501839670827943,4.201492385880424,1.3295572045311792,0.7346924876190363,0.41702142207802684
Bradley Beal,3.4361541533492383,6.296704475476727,0.3706328647918794,1.8911201420184136,6.264665493490083,1.3395645072895315,1.3146803475968634,0.36786949260497,0.5350578547060151
James Harden,2.7292078484417592,6.286081470546841,0.38296330739884676,1.890666107240037,6.452640807611543,1.1222326530770794,1.3251564259349768,0.44305346048701527,0.42729632584919863
Aaron Gordon,6.048406091794329,6.2849846221234325,0.36969354509119967,1.891183431090049,4.712598056372209,1.1109195461293313,0.9932077711456955,0.19750091403398487,0.7026169034668981
Jusuf Nurkić,5.435657607224351,6.284440380479489,1.2950495500019459,1.891369952583842,2.675529770957964,1.0125937274123316,1.054067607030296,0.17113290043578192,2.037453052780259
Paul George,2.733204636720824,6.271889167006451,0.3634415088974069,1.8907758368340084,6.454201372811799,1.2005614863988545,1.332472389728245,0.5249683122567103,0.33766873898266997
Khris Middleton,3.1820510417437533,6.264114747252908,0.40272600496074606,1.9033864587170581,6.506470985661464,1.643976777984279,1.3291109796022789,0.37006346399798745,0.42656972989106
DeMar DeRozan,3.3408299795903,6.25382869418735,1.3704491309765559,1.8933238846074345,6.062741726722595,1.3034439053050995,1.2891986091967764,0.35753740885383817,2.101484676284192
D'Angelo Russell,4.251750731365299,6.2486693565332905,0.35602167240522686,1.9042078919091374,6.481952026798912,1.0322968134031425,1.2475734905299463,0.3010027603496822,1.3141771182013988
Anthony Davis,3.9958037935016097,6.248415836414165,0.49770939398717384,1.889052224180785,4.723292320586887,1.0150508151384152,1.1666080477948253,0.18470769084042893,0.49059682017854034
Russell Westbrook,2.6151310765861613,6.236392181047281,0.3619845930003497,1.8895139221698498,6.224556624187991,1.013248206938029,1.314183035934254,0.329139322061788,0.3755875470906218
Devin Booker,4.227193067839893,6.235071967700593,0.36432782526024504,1.8982439534961988,6.482709273588325,1.168159483369385,1.2681033079964228,0.3292638805104545,1.6168019421553856
Andre Drummond,5.776072672891506,6.233281663543489,1.232836550669829,1.8893380107260698,2.7146875348445834,1.0077996690565818,1.3191965898369011,0.18891391966706714,0.5012627375812524
Karl-Anthony Towns,5.499585579531243,6.228137027913595,0.4021993898532033,1.8890908621882876,4.542843988805146,1.022865303193442,1.1098807361557081,0.17231836970609618,0.4120157589055641
Giannis Antetokounmpo,4.434609378737335,6.223988424718509,0.5155754322548451,1.888954101256962,5.531853843721065,1.0067464955011949,1.1782334247377637,0.18008458627565532,0.5020563888037316
Nikola Jokić,4.0194433114347285,6.223340522732481,0.35584094353438384,1.8891652017501535,5.430807210746717,1.00546263416756,1.2555860327597228,0.1739659654568636,0.40082967010397186
